-- MySQL dump 10.13  Distrib 5.5.34, for debian-linux-gnu (i686)
--
-- Host: localhost    Database: reader
-- ------------------------------------------------------
-- Server version	5.5.34-0ubuntu0.12.04.1

/*!40101 SET @OLD_CHARACTER_SET_CLIENT=@@CHARACTER_SET_CLIENT */;
/*!40101 SET @OLD_CHARACTER_SET_RESULTS=@@CHARACTER_SET_RESULTS */;
/*!40101 SET @OLD_COLLATION_CONNECTION=@@COLLATION_CONNECTION */;
/*!40101 SET NAMES utf8 */;
/*!40103 SET @OLD_TIME_ZONE=@@TIME_ZONE */;
/*!40103 SET TIME_ZONE='+00:00' */;
/*!40014 SET @OLD_UNIQUE_CHECKS=@@UNIQUE_CHECKS, UNIQUE_CHECKS=0 */;
/*!40014 SET @OLD_FOREIGN_KEY_CHECKS=@@FOREIGN_KEY_CHECKS, FOREIGN_KEY_CHECKS=0 */;
/*!40101 SET @OLD_SQL_MODE=@@SQL_MODE, SQL_MODE='NO_AUTO_VALUE_ON_ZERO' */;
/*!40111 SET @OLD_SQL_NOTES=@@SQL_NOTES, SQL_NOTES=0 */;

--
-- Table structure for table `article`
--

DROP TABLE IF EXISTS `article`;
/*!40101 SET @saved_cs_client     = @@character_set_client */;
/*!40101 SET character_set_client = utf8 */;
CREATE TABLE `article` (
  `id` int(11) unsigned NOT NULL AUTO_INCREMENT,
  `source_id` int(11) NOT NULL,
  `title` varchar(200) DEFAULT NULL,
  `description` text,
  `link` varchar(300) DEFAULT NULL,
  `status` int(1) NOT NULL,
  `timestamp` datetime DEFAULT NULL,
  PRIMARY KEY (`id`),
  KEY `source_id` (`source_id`),
  KEY `status` (`status`)
) ENGINE=InnoDB AUTO_INCREMENT=51 DEFAULT CHARSET=utf8;
/*!40101 SET character_set_client = @saved_cs_client */;

--
-- Dumping data for table `article`
--

LOCK TABLES `article` WRITE;
/*!40000 ALTER TABLE `article` DISABLE KEYS */;
INSERT INTO `article` VALUES (1,1,'Comcast Xfinity TV adds 18 live-streaming channels with USA, HGTV and more','<img src=\"http://www.blogcdn.com/www.engadget.com/media/2013/11/xfinity-app-live-streaming-out-now_thumbnail.jpg\"/> Just in time for the official start of the NCAA Tournament on Thursday, Comcast has added a load of new channels to its Xfinity TV offering, including options for watching the first second round upsets. Alongside March Madness viewing with access to...','http://www.engadget.com/2014/03/19/comcast-xfinity-tv-go-new-channels/?ncid=rss_truncated',1,NULL),(2,1,'KitKat now rolling out to Sony\'s Xperia Z Ultra, Z1 and Z1 Compact','<img src=\"http://o.aolcdn.com/hss/storage/adam/bfc6ea2c116a2926a5b9962ccb4af0f5/kitkatsony_thumbnail.jpg\"/> An Android 4.4 KitKat update for the Xperia Z Ultra, Z1 and Z1 Compact is rolling out as of today, Sony\'s announced. In addition to what the newer OS version itself brings, Sony\'s folded in some tweaks of its own, like a reworked status bar and...','http://www.engadget.com/2014/03/19/sony-xperia-z-devices-kitkat/?ncid=rss_truncated',1,NULL),(3,1,'Quirky and GE cook up a smarter, prettier air conditioner','<img src=\"http://o.aolcdn.com/hss/storage/adam/72cfdf1b9e80d1df34c34189b516b99c/aros_thumbnail.jpg\"/> Quirky is more than just bendy power strips these days -- recently, it\'s been pushing its vision of the connected home thanks to a multi-million dollar partnership with GE. So far their deal has yielded stuff like intelligent egg trays (seriously)...','http://www.engadget.com/2014/03/19/quirky-ge-aros/?ncid=rss_truncated',1,NULL),(4,1,'Last day to vote in the 2013 Engadget Awards!','<img src=\"http://o.aolcdn.com/hss/storage/adam/757cc69bd1c4b06ee6ad84813bbd55f1/awards2013_thumbnail.jpg\"/> Thousands of readers have voted for their favorite products in our 2013 Engadget Awards, and there\'s still time for those of you who haven\'t. Head here to pick from finalists across 12 categories, but be quick about it; voting closes at 11:59PM ET...','http://www.engadget.com/2014/03/19/last-day-vote-2013-engadget-awards/?ncid=rss_truncated',1,NULL),(5,1,'Titanfall delayed again on Xbox 360, now launching April 8th','<img src=\"http://o.aolcdn.com/hss/storage/adam/3e696069cc7083feeb4bffdf82cc3b1/titanfall_screen_2_thumbnail.jpg\"/> If you\'re an Xbox 360 owner that hoped to get your hands on a copy of Titanfall before the end of the month, we have some bad news: you\'re going to need to wait a little longer. EA announced today that for the second time in just over a month, the...','http://www.engadget.com/2014/03/19/titanfall-xbox-360-delayed-april-8th/?ncid=rss_truncated',1,NULL),(6,1,'Samsung reportedly working on a SIM-equipped watchphone','<img src=\"http://o.aolcdn.com/hss/storage/adam/103b694957d96c827d4bac55cb8bb051/samsungtrek_thumbnail.jpg\"/> The Gear 2 isn\'t even out, but we\'re already seeing rumors about something else that\'s lurking in Samsung\'s R&amp;D labs. The Korea Herald is reporting that the company is working on a SIM-enabled watchphone that\'ll make calls without the aid of a...','http://www.engadget.com/2014/03/19/samsung-working-on-a-watchphone-rumor/?ncid=rss_truncated',1,NULL),(7,1,'Headset combines virtual and augmented reality with holodeck-like results','<img src=\"http://o.aolcdn.com/hss/storage/adam/ab2ec61477e49fe4b189457c97683fdd/gog_thumbnail.jpg\"/> Two months ago, Sulon Technologies broke cover with a video showcasing a bulky augmented reality and virtual reality system. Fast forward to today. The chunky backpack and headset combo has been replaced by a much, much smaller second prototype --...','http://www.engadget.com/2014/03/19/holodeck-headset-sulon-technologies/?ncid=rss_truncated',1,NULL),(8,1,'Toshiba details 4K laptop arriving before summer','<img src=\"http://o.aolcdn.com/hss/storage/adam/f6428d1133fd5a94e05dd17b7cd80e0/Satellite-p50t-b-2013-03-19-01_thumbnail.jpg\"/> Toshiba has just dished most of the important details about its intriguing 4K Satellite P50t that we saw at CES 2014, along with some other new models. Unfortunately, it\'s left some info hanging -- namely the all-important prices. For the most part,...','http://www.engadget.com/2014/03/19/toshiba-details-4k-laptop-arriving-before-summer/?ncid=rss_truncated',1,NULL),(9,1,'Google expands Nexus 5 and Nexus 7 sales to more European countries','<img src=\"http://o.aolcdn.com/hss/storage/adam/ebaf47c94248022470dfa2a2b5c0e9f8/nexus5wtmk_thumbnail.jpg\"/> Google may have wowed the world yesterday with the introduction of Android Wear, but it turns out it also had some Nexus-related news tucked away too. Already available in 13 countries around the world, the search giant has quietly expanded sales of...','http://www.engadget.com/2014/03/19/google-expands-nexus-sales-europe/?ncid=rss_truncated',1,NULL),(10,1,'Dual-display YotaPhone now shipping to the UK for £419','<img src=\"http://o.aolcdn.com/hss/storage/adam/e7a7583984b5d28d3250220e5ea994da/yotaphone-review-lead-630_thumbnail.jpg\"/> We\'re not entirely convinced that this is the right time to hop aboard the YotaPhone express, especially when a greatly improved second-gen handset has been promised before the end of this year. Nevertheless, if you\'re in the UK and you\'re willing to...','http://www.engadget.com/2014/03/19/dual-display-yotaphone-now-shipping-to-the-uk/?ncid=rss_truncated',1,NULL),(11,1,'Microsoft\'s Project Spark beta now open to all wannabe game makers (video)','<img src=\"http://o.aolcdn.com/hss/storage/adam/970418d3b5b9b00ca83b1922933bbdf4/Project-Spark-Festival-DLC-01-jpg_thumbnail.jpg\"/> If you haven\'t had the chance to make the Flappy Bird or Minecraft clone of your dreams just yet, Microsoft is removing the final barrier to Project Spark\'s entry. The game-creation title\'s been in open beta for a bit, but now you can download it...','http://www.engadget.com/2014/03/19/xbox-one-project-spark-open-beta/?ncid=rss_truncated',1,NULL),(12,1,'Sony\'s bringing Hulu Plus and Redbox to the PlayStation Vita','<img src=\"http://o.aolcdn.com/hss/storage/adam/c072f55d73c6204a5ec3bc7578541bb3/psvita_thumbnail.jpg\"/> Assuming you like to do more than just play games on your PlayStation Vita, the latest batch of media-centric apps available on Sony\'s handheld may be of interest. Crunchyroll, NHL GameCenter LIVE and Qello Concerts are now live on the PlayStation...','http://www.engadget.com/2014/03/19/sony-hulu-plus-redbox-playstation-vita/?ncid=rss_truncated',1,NULL),(13,1,'Oppo Find 7 is the world\'s first phone that can take 50MP photos (video)','<img src=\"http://o.aolcdn.com/hss/storage/adam/40546442e8932c2cd73fa52018d71e7b/Oppo-Find-7_thumbnail.jpg\"/> We\'ve seen the teasers and we\'ve seen the leaks, so it\'s about time to see the real thing. Oppo has finally unveiled the Find 7 in Beijing just now, and as promised, this Android 4.3 device really can take 50-megapixel photos! But as with many things...','http://www.engadget.com/2014/03/19/oppo-find-7-50mp-camera/?ncid=rss_truncated',1,NULL),(14,1,'Pocket\'s read-it-later service adds international flavor with six new languages','<img src=\"http://o.aolcdn.com/hss/storage/adam/7713da0c8aac274cadf28123d8de690/pocket-international-update_thumbnail.jpg\"/> Despite how far the internet has come, it hasn\'t quite conquered the language barrier. The devs behind Pocket know this and have added new languages to hopefully make the delayed-reading app a bit easier to use if English isn\'t your native tongue. To...','http://www.engadget.com/2014/03/19/pocket-international-edition/?ncid=rss_truncated',1,NULL),(15,1,'This is BlackBerry\'s unreleased \'Cyclone\' streaming box','<img src=\"http://o.aolcdn.com/hss/storage/adam/e77558758e91b680ec8914dca2bdb0a/bbcyclone01a_thumbnail.jpg\"/> In 2011, BlackBerry was rumored to be developing a media box to compete against the likes of Roku and Apple TV. While that device never made it to market, it looks like the company did manufacture some units, as proven by pictures posted on the...','http://www.engadget.com/2014/03/19/blackberry-cyclone-streaming-box/?ncid=rss_truncated',1,NULL),(16,1,'Pandora bumps subscription fee to $5 per month for new customers','<img src=\"http://o.aolcdn.com/hss/storage/adam/5ba5e015d4698fdc42697f70bc46d2a8/pandora-android-tablet_thumbnail.jpg\"/> Pandora will soon charge new subscribers a bit more to enjoy ad-free internet radio. Starting in May, anyone who signs up for the company\'s premium service (Pandora One) for the first time will have to pony up $5 a month, a buck more than the current...','http://www.engadget.com/2014/03/19/pandora-one-subscription-price-increase/?ncid=rss_truncated',1,NULL),(17,1,'Sony\'s early VR headset prototypes looked pretty silly','<img src=\"http://o.aolcdn.com/hss/storage/adam/c4a51d5c74d4a8adb6a8a4ac5eeffc71/vrproto_thumbnail.jpg\"/> Head-mounted display, movement sensors.... done. Sony Computer Entertainment\'s Shuhei Yoshida says that the company\'s been working on its Project Morpheus VR hardware for over three years and it\'s fair to say it\'s come a long way: the early model...','http://www.engadget.com/2014/03/19/sony-early-vr-headset-prototypes-project-morpheus/?ncid=rss_truncated',1,NULL),(18,1,'Daily Roundup: Sony\'s \'Project Morpheus,\' the Moto 360 smartwatch and more!','<img src=\"http://o.aolcdn.com/hss/storage/adam/1bd5456edb2158ca47cd4c7f72f701e4/daily_thumbnail.jpg\"/> You might say the day is never really done in consumer technology news. Your workday, however, hopefully draws to a close at some point. This is the Daily Roundup on Engadget, a quick peek back at the top headlines for the past 24 hours -- all...','http://www.engadget.com/2014/03/18/sony-project-morpheus-the-moto-360-smartwatch/?ncid=rss_truncated',1,NULL),(19,1,'Samsung\'s interchangeable-lens NX mini sports 1-inch sensor, fits in your pocket (hands-on)','<img src=\"http://o.aolcdn.com/hss/storage/adam/f9aab25d4d2c9415b7ab2208952a98fb/mininx_thumbnail.jpg\"/> Hey \"style-conscious\" men and women in your 20s and 30s, Samsung\'s got a new camera just for you. The electronics giant is touting its NX mini as the world\'s thinnest and lightest interchangeable-lens camera, and while it technically falls at the low...','http://www.engadget.com/2014/03/18/samsung-nx-mini/?ncid=rss_truncated',1,NULL),(20,1,'Sony\'s new VR headset being shown at GDC 2014 with playable demos of EVE Valkyrie, Thief','<img src=\"http://o.aolcdn.com/hss/storage/adam/44d49b63e15287a82cbf638700023239/liveblog0467_thumbnail.jpg\"/> What\'s a virtual reality headset without software? Nothing -- and Sony knows it, which is why the company is treating GDC attendees to four demos on the conference show floor, starting tomorrow morning. Some of them are familiar: when EVE: Valkyrie...','http://www.engadget.com/2014/03/18/heres-sonys-vr-demos-at-gdc-2014/?ncid=rss_truncated',1,NULL),(21,1,'\'Project Morpheus\' is Sony\'s virtual reality headset for the PlayStation 4','<img src=\"http://o.aolcdn.com/hss/storage/adam/24332098033cfb4817a51c91eadee1c4/yeahliveblog_0482_thumbnail.jpg\"/> The rumors are true: Sony\'s working on virtual reality. The hardware is called \"Project Morpheus\" and it\'s headed to the PlayStation 4. The headset is two pieces: a closed display and what looks like a PlayStation Move sensor built in. SCE Worldwide...','http://www.engadget.com/2014/03/18/playstation-virtual-reality/?ncid=rss_truncated',1,NULL),(22,1,'Live from PlayStation\'s \'Driving the Future of Innovation\' panel (the VR one)','<img src=\"http://o.aolcdn.com/hss/storage/adam/36f98b1b547aecca0d2710bc3a6f8492/sony-morpheus-630_thumbnail.jpg\"/> What is the \"Future of Innovation\"? Sony\'s gonna tell us tonight, but we\'re pretty sure we can tell you what it is right now: bacon-scented alarm clocks. Oh, right, the future of innovation is also the rumored virtual reality headset from Sony\'s...','http://www.engadget.com/2014/03/18/playstation-gdc-2014-liveblog/?ncid=rss_truncated',1,NULL),(23,1,'Chromecast officially available across Europe and in Canada starting today','<img src=\"http://o.aolcdn.com/hss/storage/adam/94e4cb54166e3fc797b676b17e8b51bd/2-3-2014_chromecast_thumbnail.png\"/> Sure, a few eager Amazon shoppers might have been enjoying the Chromecast on the other side of the pond, more or less straight after it launched in the US. However, those Europeans (update: and Canadians) waiting for an official retail channel, (as...','http://www.engadget.com/2014/03/18/chromecast-officially-available-across-europe/?ncid=rss_truncated',1,NULL),(24,1,'Android Wear: Zen and the art of smartwatch design','<img src=\"http://o.aolcdn.com/hss/storage/adam/9b6d734427cae4bef875a40f52b4cc71/jellyfishbeaches_thumbnail.jpg\"/> Are you ready for a smartwatch that knows where you are, what information is important to you and, above all, wants you to forget that you\'re even wearing it? That seems to be the basic idea behind Google\'s Android Wear platform, which promises to...','http://www.engadget.com/2014/03/18/android-wear-zen-and-the-art-of-smartwatch-design/?ncid=rss_truncated',1,NULL),(25,1,'Join the Engadget HD Podcast live on Ustream at 8:45PM ET','<img src=\"http://o.aolcdn.com/hss/storage/adam/522ba406eae8c901cdb30bbca91de6a4/engadget-hd-630-2014_thumbnail.jpg\"/> It\'s Tuesday, which means it\'s time for the Engadget HD Podcast and we hope you\'ll join us for the live recording at 8:45PM. We start this week\'s show with the latest rumors about an Amazon set-top box, or something like that. We of course cover the...','http://www.engadget.com/2014/03/18/join-the-engadget-hd-podcast-live-on-ustream-at-8-45pm-et/?ncid=rss_truncated',1,NULL),(26,2,'The Germans Have Figured Out How to 3-D Print Cars','The assembly line isn\'t going away, but 3-D printing is going to reshape how we make cars. The EDAG Genesis points the way, with an beautifully crafted frame made from a range of materials and inspired by a turtle\'s skeleton.<img width=\'1\' height=\'1\' src=\'http://feeds.wired.com/c/35185/f/661370/s/385da7ce/sc/4/mf.gif\' border=\'0\'/><br clear=\'all\'/><div class=\'mf-viral\'><table border=\'0\'><tr><td valign=\'middle\'><a href=\"http://share.feedsportal.com/share/twitter/?u=http%3A%2F%2Fwww.wired.com%2Fautopia%2F2014%2F03%2Fedag-3-d-printed-car%2F&t=The+Germans+Have+Figured+Out+How+to+3-D+Print+Cars\" target=\"_blank\"><img src=\"http://res3.feedsportal.com/social/twitter.png\" border=\"0\" /></a>&nbsp;<a href=\"http://share.feedsportal.com/share/facebook/?u=http%3A%2F%2Fwww.wired.com%2Fautopia%2F2014%2F03%2Fedag-3-d-printed-car%2F&t=The+Germans+Have+Figured+Out+How+to+3-D+Print+Cars\" target=\"_blank\"><img src=\"http://res3.feedsportal.com/social/facebook.png\" border=\"0\" /></a>&nbsp;<a href=\"http://share.feedsportal.com/share/linkedin/?u=http%3A%2F%2Fwww.wired.com%2Fautopia%2F2014%2F03%2Fedag-3-d-printed-car%2F&t=The+Germans+Have+Figured+Out+How+to+3-D+Print+Cars\" target=\"_blank\"><img src=\"http://res3.feedsportal.com/social/linkedin.png\" border=\"0\" /></a>&nbsp;<a href=\"http://share.feedsportal.com/share/gplus/?u=http%3A%2F%2Fwww.wired.com%2Fautopia%2F2014%2F03%2Fedag-3-d-printed-car%2F&t=The+Germans+Have+Figured+Out+How+to+3-D+Print+Cars\" target=\"_blank\"><img src=\"http://res3.feedsportal.com/social/googleplus.png\" border=\"0\" /></a>&nbsp;<a href=\"http://share.feedsportal.com/share/email/?u=http%3A%2F%2Fwww.wired.com%2Fautopia%2F2014%2F03%2Fedag-3-d-printed-car%2F&t=The+Germans+Have+Figured+Out+How+to+3-D+Print+Cars\" target=\"_blank\"><img src=\"http://res3.feedsportal.com/social/email.png\" border=\"0\" /></a></td></tr></table></div><br/><br/><a href=\"http://da.feedsportal.com/r/191801497708/u/0/f/661370/c/35185/s/385da7ce/sc/4/rc/1/rc.htm\" rel=\"nofollow\"><img src=\"http://da.feedsportal.com/r/191801497708/u/0/f/661370/c/35185/s/385da7ce/sc/4/rc/1/rc.img\" border=\"0\"/></a><br/><a href=\"http://da.feedsportal.com/r/191801497708/u/0/f/661370/c/35185/s/385da7ce/sc/4/rc/2/rc.htm\" rel=\"nofollow\"><img src=\"http://da.feedsportal.com/r/191801497708/u/0/f/661370/c/35185/s/385da7ce/sc/4/rc/2/rc.img\" border=\"0\"/></a><br/><a href=\"http://da.feedsportal.com/r/191801497708/u/0/f/661370/c/35185/s/385da7ce/sc/4/rc/3/rc.htm\" rel=\"nofollow\"><img src=\"http://da.feedsportal.com/r/191801497708/u/0/f/661370/c/35185/s/385da7ce/sc/4/rc/3/rc.img\" border=\"0\"/></a><br/><br/><a href=\"http://da.feedsportal.com/r/191801497708/u/0/f/661370/c/35185/s/385da7ce/a2.htm\"><img src=\"http://da.feedsportal.com/r/191801497708/u/0/f/661370/c/35185/s/385da7ce/a2.img\" border=\"0\"/></a><img width=\"1\" height=\"1\" src=\"http://pi.feedsportal.com/r/191801497708/u/0/f/661370/c/35185/s/385da7ce/a2t.img\" border=\"0\"/>','http://feeds.wired.com/c/35185/f/661370/s/385da7ce/sc/4/l/0L0Swired0N0Cautopia0C20A140C0A30Cedag0E30Ed0Eprinted0Ecar0C/story01.htm',1,NULL),(27,2,'Facebook Fights Back Against the NSA Spy Machine','Mark Zuckerberg was angry enough to phone the President when he read recent reports that the NSA was using fake Facebook websites to intercept the social network\'s traffic and infect private computers with surveillance software. But Joe Sullivan ? the ex-federal prosecutor who now serves as Facebook\'s chief security officer ? says the company has steeled its online services so that such a thing is no longer possible.<img width=\'1\' height=\'1\' src=\'http://feeds.wired.com/c/35185/f/661370/s/385b1936/sc/1/mf.gif\' border=\'0\'/><br clear=\'all\'/><div class=\'mf-viral\'><table border=\'0\'><tr><td valign=\'middle\'><a href=\"http://share.feedsportal.com/share/twitter/?u=http%3A%2F%2Fwww.wired.com%2Fwiredenterprise%2F2014%2F03%2Ffacebook-security%2F&t=Facebook+Fights+Back+Against+the+NSA+Spy+Machine\" target=\"_blank\"><img src=\"http://res3.feedsportal.com/social/twitter.png\" border=\"0\" /></a>&nbsp;<a href=\"http://share.feedsportal.com/share/facebook/?u=http%3A%2F%2Fwww.wired.com%2Fwiredenterprise%2F2014%2F03%2Ffacebook-security%2F&t=Facebook+Fights+Back+Against+the+NSA+Spy+Machine\" target=\"_blank\"><img src=\"http://res3.feedsportal.com/social/facebook.png\" border=\"0\" /></a>&nbsp;<a href=\"http://share.feedsportal.com/share/linkedin/?u=http%3A%2F%2Fwww.wired.com%2Fwiredenterprise%2F2014%2F03%2Ffacebook-security%2F&t=Facebook+Fights+Back+Against+the+NSA+Spy+Machine\" target=\"_blank\"><img src=\"http://res3.feedsportal.com/social/linkedin.png\" border=\"0\" /></a>&nbsp;<a href=\"http://share.feedsportal.com/share/gplus/?u=http%3A%2F%2Fwww.wired.com%2Fwiredenterprise%2F2014%2F03%2Ffacebook-security%2F&t=Facebook+Fights+Back+Against+the+NSA+Spy+Machine\" target=\"_blank\"><img src=\"http://res3.feedsportal.com/social/googleplus.png\" border=\"0\" /></a>&nbsp;<a href=\"http://share.feedsportal.com/share/email/?u=http%3A%2F%2Fwww.wired.com%2Fwiredenterprise%2F2014%2F03%2Ffacebook-security%2F&t=Facebook+Fights+Back+Against+the+NSA+Spy+Machine\" target=\"_blank\"><img src=\"http://res3.feedsportal.com/social/email.png\" border=\"0\" /></a></td></tr></table></div><br/><br/><a href=\"http://da.feedsportal.com/r/191801488985/u/0/f/661370/c/35185/s/385b1936/sc/1/rc/1/rc.htm\" rel=\"nofollow\"><img src=\"http://da.feedsportal.com/r/191801488985/u/0/f/661370/c/35185/s/385b1936/sc/1/rc/1/rc.img\" border=\"0\"/></a><br/><a href=\"http://da.feedsportal.com/r/191801488985/u/0/f/661370/c/35185/s/385b1936/sc/1/rc/2/rc.htm\" rel=\"nofollow\"><img src=\"http://da.feedsportal.com/r/191801488985/u/0/f/661370/c/35185/s/385b1936/sc/1/rc/2/rc.img\" border=\"0\"/></a><br/><a href=\"http://da.feedsportal.com/r/191801488985/u/0/f/661370/c/35185/s/385b1936/sc/1/rc/3/rc.htm\" rel=\"nofollow\"><img src=\"http://da.feedsportal.com/r/191801488985/u/0/f/661370/c/35185/s/385b1936/sc/1/rc/3/rc.img\" border=\"0\"/></a><br/><br/><a href=\"http://da.feedsportal.com/r/191801488985/u/0/f/661370/c/35185/s/385b1936/a2.htm\"><img src=\"http://da.feedsportal.com/r/191801488985/u/0/f/661370/c/35185/s/385b1936/a2.img\" border=\"0\"/></a><img width=\"1\" height=\"1\" src=\"http://pi.feedsportal.com/r/191801488985/u/0/f/661370/c/35185/s/385b1936/a2t.img\" border=\"0\"/>','http://feeds.wired.com/c/35185/f/661370/s/385b1936/sc/1/l/0L0Swired0N0Cwiredenterprise0C20A140C0A30Cfacebook0Esecurity0C/story01.htm',1,NULL),(28,2,'The Quirkiest QWERTY Keyboard Ever Is Made of Lego','Despite being made of toy parts, the keyboard is deceptively complex.<img width=\'1\' height=\'1\' src=\'http://feeds.wired.com/c/35185/f/661370/s/385b1935/sc/38/mf.gif\' border=\'0\'/><br clear=\'all\'/><div class=\'mf-viral\'><table border=\'0\'><tr><td valign=\'middle\'><a href=\"http://share.feedsportal.com/share/twitter/?u=http%3A%2F%2Fwww.wired.com%2Fdesign%2F2014%2F03%2Flego-technic-keyboard%2F&t=The+Quirkiest+QWERTY+Keyboard+Ever+Is+Made+of+Lego\" target=\"_blank\"><img src=\"http://res3.feedsportal.com/social/twitter.png\" border=\"0\" /></a>&nbsp;<a href=\"http://share.feedsportal.com/share/facebook/?u=http%3A%2F%2Fwww.wired.com%2Fdesign%2F2014%2F03%2Flego-technic-keyboard%2F&t=The+Quirkiest+QWERTY+Keyboard+Ever+Is+Made+of+Lego\" target=\"_blank\"><img src=\"http://res3.feedsportal.com/social/facebook.png\" border=\"0\" /></a>&nbsp;<a href=\"http://share.feedsportal.com/share/linkedin/?u=http%3A%2F%2Fwww.wired.com%2Fdesign%2F2014%2F03%2Flego-technic-keyboard%2F&t=The+Quirkiest+QWERTY+Keyboard+Ever+Is+Made+of+Lego\" target=\"_blank\"><img src=\"http://res3.feedsportal.com/social/linkedin.png\" border=\"0\" /></a>&nbsp;<a href=\"http://share.feedsportal.com/share/gplus/?u=http%3A%2F%2Fwww.wired.com%2Fdesign%2F2014%2F03%2Flego-technic-keyboard%2F&t=The+Quirkiest+QWERTY+Keyboard+Ever+Is+Made+of+Lego\" target=\"_blank\"><img src=\"http://res3.feedsportal.com/social/googleplus.png\" border=\"0\" /></a>&nbsp;<a href=\"http://share.feedsportal.com/share/email/?u=http%3A%2F%2Fwww.wired.com%2Fdesign%2F2014%2F03%2Flego-technic-keyboard%2F&t=The+Quirkiest+QWERTY+Keyboard+Ever+Is+Made+of+Lego\" target=\"_blank\"><img src=\"http://res3.feedsportal.com/social/email.png\" border=\"0\" /></a></td></tr></table></div><br/><br/><a href=\"http://da.feedsportal.com/r/191801488984/u/0/f/661370/c/35185/s/385b1935/sc/38/rc/1/rc.htm\" rel=\"nofollow\"><img src=\"http://da.feedsportal.com/r/191801488984/u/0/f/661370/c/35185/s/385b1935/sc/38/rc/1/rc.img\" border=\"0\"/></a><br/><a href=\"http://da.feedsportal.com/r/191801488984/u/0/f/661370/c/35185/s/385b1935/sc/38/rc/2/rc.htm\" rel=\"nofollow\"><img src=\"http://da.feedsportal.com/r/191801488984/u/0/f/661370/c/35185/s/385b1935/sc/38/rc/2/rc.img\" border=\"0\"/></a><br/><a href=\"http://da.feedsportal.com/r/191801488984/u/0/f/661370/c/35185/s/385b1935/sc/38/rc/3/rc.htm\" rel=\"nofollow\"><img src=\"http://da.feedsportal.com/r/191801488984/u/0/f/661370/c/35185/s/385b1935/sc/38/rc/3/rc.img\" border=\"0\"/></a><br/><br/><a href=\"http://da.feedsportal.com/r/191801488984/u/0/f/661370/c/35185/s/385b1935/a2.htm\"><img src=\"http://da.feedsportal.com/r/191801488984/u/0/f/661370/c/35185/s/385b1935/a2.img\" border=\"0\"/></a><img width=\"1\" height=\"1\" src=\"http://pi.feedsportal.com/r/191801488984/u/0/f/661370/c/35185/s/385b1935/a2t.img\" border=\"0\"/>','http://feeds.wired.com/c/35185/f/661370/s/385b1935/sc/38/l/0L0Swired0N0Cdesign0C20A140C0A30Clego0Etechnic0Ekeyboard0C/story01.htm',1,NULL),(29,2,'How Science Can Help You Win Your March Madness Pool','You probably won\'t pick a perfect bracket, but this little trick can optimize your chances of winning the pool you\'re entering.<img width=\'1\' height=\'1\' src=\'http://feeds.wired.com/c/35185/f/661370/s/385b1934/sc/13/mf.gif\' border=\'0\'/><br clear=\'all\'/><div class=\'mf-viral\'><table border=\'0\'><tr><td valign=\'middle\'><a href=\"http://share.feedsportal.com/share/twitter/?u=http%3A%2F%2Fwww.wired.com%2Fopinion%2F2014%2F03%2Fmarch-madness-pool%2F&t=How+Science+Can+Help+You+Win+Your+March+Madness+Pool\" target=\"_blank\"><img src=\"http://res3.feedsportal.com/social/twitter.png\" border=\"0\" /></a>&nbsp;<a href=\"http://share.feedsportal.com/share/facebook/?u=http%3A%2F%2Fwww.wired.com%2Fopinion%2F2014%2F03%2Fmarch-madness-pool%2F&t=How+Science+Can+Help+You+Win+Your+March+Madness+Pool\" target=\"_blank\"><img src=\"http://res3.feedsportal.com/social/facebook.png\" border=\"0\" /></a>&nbsp;<a href=\"http://share.feedsportal.com/share/linkedin/?u=http%3A%2F%2Fwww.wired.com%2Fopinion%2F2014%2F03%2Fmarch-madness-pool%2F&t=How+Science+Can+Help+You+Win+Your+March+Madness+Pool\" target=\"_blank\"><img src=\"http://res3.feedsportal.com/social/linkedin.png\" border=\"0\" /></a>&nbsp;<a href=\"http://share.feedsportal.com/share/gplus/?u=http%3A%2F%2Fwww.wired.com%2Fopinion%2F2014%2F03%2Fmarch-madness-pool%2F&t=How+Science+Can+Help+You+Win+Your+March+Madness+Pool\" target=\"_blank\"><img src=\"http://res3.feedsportal.com/social/googleplus.png\" border=\"0\" /></a>&nbsp;<a href=\"http://share.feedsportal.com/share/email/?u=http%3A%2F%2Fwww.wired.com%2Fopinion%2F2014%2F03%2Fmarch-madness-pool%2F&t=How+Science+Can+Help+You+Win+Your+March+Madness+Pool\" target=\"_blank\"><img src=\"http://res3.feedsportal.com/social/email.png\" border=\"0\" /></a></td></tr></table></div><br/><br/><a href=\"http://da.feedsportal.com/r/191801488983/u/0/f/661370/c/35185/s/385b1934/sc/13/rc/1/rc.htm\" rel=\"nofollow\"><img src=\"http://da.feedsportal.com/r/191801488983/u/0/f/661370/c/35185/s/385b1934/sc/13/rc/1/rc.img\" border=\"0\"/></a><br/><a href=\"http://da.feedsportal.com/r/191801488983/u/0/f/661370/c/35185/s/385b1934/sc/13/rc/2/rc.htm\" rel=\"nofollow\"><img src=\"http://da.feedsportal.com/r/191801488983/u/0/f/661370/c/35185/s/385b1934/sc/13/rc/2/rc.img\" border=\"0\"/></a><br/><a href=\"http://da.feedsportal.com/r/191801488983/u/0/f/661370/c/35185/s/385b1934/sc/13/rc/3/rc.htm\" rel=\"nofollow\"><img src=\"http://da.feedsportal.com/r/191801488983/u/0/f/661370/c/35185/s/385b1934/sc/13/rc/3/rc.img\" border=\"0\"/></a><br/><br/><a href=\"http://da.feedsportal.com/r/191801488983/u/0/f/661370/c/35185/s/385b1934/a2.htm\"><img src=\"http://da.feedsportal.com/r/191801488983/u/0/f/661370/c/35185/s/385b1934/a2.img\" border=\"0\"/></a><img width=\"1\" height=\"1\" src=\"http://pi.feedsportal.com/r/191801488983/u/0/f/661370/c/35185/s/385b1934/a2t.img\" border=\"0\"/>','http://feeds.wired.com/c/35185/f/661370/s/385b1934/sc/13/l/0L0Swired0N0Copinion0C20A140C0A30Cmarch0Emadness0Epool0C/story01.htm',1,NULL),(30,2,'The Chaotic, Colorful Slums of the World\'s Most Overcrowded City','Sebastian Keitel\'s photo series, Provisional Installations, looks at the confined and colorful makeshift living spaces that define the poorest neighborhoods in Dhaka, the capital of Bangladesh.<img width=\'1\' height=\'1\' src=\'http://feeds.wired.com/c/35185/f/661370/s/385b1931/sc/4/mf.gif\' border=\'0\'/><br clear=\'all\'/><div class=\'mf-viral\'><table border=\'0\'><tr><td valign=\'middle\'><a href=\"http://share.feedsportal.com/share/twitter/?u=http%3A%2F%2Fwww.wired.com%2Frawfile%2F2014%2F03%2Fdhaka-slums-sebastian-keitel%2F&t=The+Chaotic%2C+Colorful+Slums+of+the+World%27s+Most+Overcrowded+City\" target=\"_blank\"><img src=\"http://res3.feedsportal.com/social/twitter.png\" border=\"0\" /></a>&nbsp;<a href=\"http://share.feedsportal.com/share/facebook/?u=http%3A%2F%2Fwww.wired.com%2Frawfile%2F2014%2F03%2Fdhaka-slums-sebastian-keitel%2F&t=The+Chaotic%2C+Colorful+Slums+of+the+World%27s+Most+Overcrowded+City\" target=\"_blank\"><img src=\"http://res3.feedsportal.com/social/facebook.png\" border=\"0\" /></a>&nbsp;<a href=\"http://share.feedsportal.com/share/linkedin/?u=http%3A%2F%2Fwww.wired.com%2Frawfile%2F2014%2F03%2Fdhaka-slums-sebastian-keitel%2F&t=The+Chaotic%2C+Colorful+Slums+of+the+World%27s+Most+Overcrowded+City\" target=\"_blank\"><img src=\"http://res3.feedsportal.com/social/linkedin.png\" border=\"0\" /></a>&nbsp;<a href=\"http://share.feedsportal.com/share/gplus/?u=http%3A%2F%2Fwww.wired.com%2Frawfile%2F2014%2F03%2Fdhaka-slums-sebastian-keitel%2F&t=The+Chaotic%2C+Colorful+Slums+of+the+World%27s+Most+Overcrowded+City\" target=\"_blank\"><img src=\"http://res3.feedsportal.com/social/googleplus.png\" border=\"0\" /></a>&nbsp;<a href=\"http://share.feedsportal.com/share/email/?u=http%3A%2F%2Fwww.wired.com%2Frawfile%2F2014%2F03%2Fdhaka-slums-sebastian-keitel%2F&t=The+Chaotic%2C+Colorful+Slums+of+the+World%27s+Most+Overcrowded+City\" target=\"_blank\"><img src=\"http://res3.feedsportal.com/social/email.png\" border=\"0\" /></a></td></tr></table></div><br/><br/><a href=\"http://da.feedsportal.com/r/191801488982/u/0/f/661370/c/35185/s/385b1931/sc/4/rc/1/rc.htm\" rel=\"nofollow\"><img src=\"http://da.feedsportal.com/r/191801488982/u/0/f/661370/c/35185/s/385b1931/sc/4/rc/1/rc.img\" border=\"0\"/></a><br/><a href=\"http://da.feedsportal.com/r/191801488982/u/0/f/661370/c/35185/s/385b1931/sc/4/rc/2/rc.htm\" rel=\"nofollow\"><img src=\"http://da.feedsportal.com/r/191801488982/u/0/f/661370/c/35185/s/385b1931/sc/4/rc/2/rc.img\" border=\"0\"/></a><br/><a href=\"http://da.feedsportal.com/r/191801488982/u/0/f/661370/c/35185/s/385b1931/sc/4/rc/3/rc.htm\" rel=\"nofollow\"><img src=\"http://da.feedsportal.com/r/191801488982/u/0/f/661370/c/35185/s/385b1931/sc/4/rc/3/rc.img\" border=\"0\"/></a><br/><br/><a href=\"http://da.feedsportal.com/r/191801488982/u/0/f/661370/c/35185/s/385b1931/a2.htm\"><img src=\"http://da.feedsportal.com/r/191801488982/u/0/f/661370/c/35185/s/385b1931/a2.img\" border=\"0\"/></a><img width=\"1\" height=\"1\" src=\"http://pi.feedsportal.com/r/191801488982/u/0/f/661370/c/35185/s/385b1931/a2t.img\" border=\"0\"/>','http://feeds.wired.com/c/35185/f/661370/s/385b1931/sc/4/l/0L0Swired0N0Crawfile0C20A140C0A30Cdhaka0Eslums0Esebastian0Ekeitel0C/story01.htm',1,NULL),(31,2,'Luxury Electric Car for Kids Comes With 4-Wheel Drive, Sound System','If your lemonade stand has strong sales this summer, you might be able to buy a new scooter. But that kid who owns a chain of neighborhood lemonade stands from Elm St. to Main? That kid rolls in a third-generation Henes Broon.<img width=\'1\' height=\'1\' src=\'http://feeds.wired.com/c/35185/f/661370/s/385b192f/sc/10/mf.gif\' border=\'0\'/><br clear=\'all\'/><div class=\'mf-viral\'><table border=\'0\'><tr><td valign=\'middle\'><a href=\"http://share.feedsportal.com/share/twitter/?u=http%3A%2F%2Fwww.wired.com%2Fgadgetlab%2F2014%2F03%2Fhenes-broon%2F&t=Luxury+Electric+Car+for+Kids+Comes+With+4-Wheel+Drive%2C+Sound+System\" target=\"_blank\"><img src=\"http://res3.feedsportal.com/social/twitter.png\" border=\"0\" /></a>&nbsp;<a href=\"http://share.feedsportal.com/share/facebook/?u=http%3A%2F%2Fwww.wired.com%2Fgadgetlab%2F2014%2F03%2Fhenes-broon%2F&t=Luxury+Electric+Car+for+Kids+Comes+With+4-Wheel+Drive%2C+Sound+System\" target=\"_blank\"><img src=\"http://res3.feedsportal.com/social/facebook.png\" border=\"0\" /></a>&nbsp;<a href=\"http://share.feedsportal.com/share/linkedin/?u=http%3A%2F%2Fwww.wired.com%2Fgadgetlab%2F2014%2F03%2Fhenes-broon%2F&t=Luxury+Electric+Car+for+Kids+Comes+With+4-Wheel+Drive%2C+Sound+System\" target=\"_blank\"><img src=\"http://res3.feedsportal.com/social/linkedin.png\" border=\"0\" /></a>&nbsp;<a href=\"http://share.feedsportal.com/share/gplus/?u=http%3A%2F%2Fwww.wired.com%2Fgadgetlab%2F2014%2F03%2Fhenes-broon%2F&t=Luxury+Electric+Car+for+Kids+Comes+With+4-Wheel+Drive%2C+Sound+System\" target=\"_blank\"><img src=\"http://res3.feedsportal.com/social/googleplus.png\" border=\"0\" /></a>&nbsp;<a href=\"http://share.feedsportal.com/share/email/?u=http%3A%2F%2Fwww.wired.com%2Fgadgetlab%2F2014%2F03%2Fhenes-broon%2F&t=Luxury+Electric+Car+for+Kids+Comes+With+4-Wheel+Drive%2C+Sound+System\" target=\"_blank\"><img src=\"http://res3.feedsportal.com/social/email.png\" border=\"0\" /></a></td></tr></table></div><br/><br/><a href=\"http://da.feedsportal.com/r/191801488981/u/0/f/661370/c/35185/s/385b192f/sc/10/rc/1/rc.htm\" rel=\"nofollow\"><img src=\"http://da.feedsportal.com/r/191801488981/u/0/f/661370/c/35185/s/385b192f/sc/10/rc/1/rc.img\" border=\"0\"/></a><br/><a href=\"http://da.feedsportal.com/r/191801488981/u/0/f/661370/c/35185/s/385b192f/sc/10/rc/2/rc.htm\" rel=\"nofollow\"><img src=\"http://da.feedsportal.com/r/191801488981/u/0/f/661370/c/35185/s/385b192f/sc/10/rc/2/rc.img\" border=\"0\"/></a><br/><a href=\"http://da.feedsportal.com/r/191801488981/u/0/f/661370/c/35185/s/385b192f/sc/10/rc/3/rc.htm\" rel=\"nofollow\"><img src=\"http://da.feedsportal.com/r/191801488981/u/0/f/661370/c/35185/s/385b192f/sc/10/rc/3/rc.img\" border=\"0\"/></a><br/><br/><a href=\"http://da.feedsportal.com/r/191801488981/u/0/f/661370/c/35185/s/385b192f/a2.htm\"><img src=\"http://da.feedsportal.com/r/191801488981/u/0/f/661370/c/35185/s/385b192f/a2.img\" border=\"0\"/></a><img width=\"1\" height=\"1\" src=\"http://pi.feedsportal.com/r/191801488981/u/0/f/661370/c/35185/s/385b192f/a2t.img\" border=\"0\"/>','http://feeds.wired.com/c/35185/f/661370/s/385b192f/sc/10/l/0L0Swired0N0Cgadgetlab0C20A140C0A30Chenes0Ebroon0C/story01.htm',1,NULL),(32,2,'Ikea\'s New Portable Furniture Is a Smart Take on Modern Urban Life','Ikea\'s new collection is aimed at the urban youth.<img width=\'1\' height=\'1\' src=\'http://feeds.wired.com/c/35185/f/661370/s/385b192c/sc/4/mf.gif\' border=\'0\'/><br clear=\'all\'/><div class=\'mf-viral\'><table border=\'0\'><tr><td valign=\'middle\'><a href=\"http://share.feedsportal.com/share/twitter/?u=http%3A%2F%2Fwww.wired.com%2Fdesign%2F2014%2F03%2Fsmart-new-collection-ikea-people-move%2F&t=Ikea%27s+New+Portable+Furniture+Is+a+Smart+Take+on+Modern+Urban+Life\" target=\"_blank\"><img src=\"http://res3.feedsportal.com/social/twitter.png\" border=\"0\" /></a>&nbsp;<a href=\"http://share.feedsportal.com/share/facebook/?u=http%3A%2F%2Fwww.wired.com%2Fdesign%2F2014%2F03%2Fsmart-new-collection-ikea-people-move%2F&t=Ikea%27s+New+Portable+Furniture+Is+a+Smart+Take+on+Modern+Urban+Life\" target=\"_blank\"><img src=\"http://res3.feedsportal.com/social/facebook.png\" border=\"0\" /></a>&nbsp;<a href=\"http://share.feedsportal.com/share/linkedin/?u=http%3A%2F%2Fwww.wired.com%2Fdesign%2F2014%2F03%2Fsmart-new-collection-ikea-people-move%2F&t=Ikea%27s+New+Portable+Furniture+Is+a+Smart+Take+on+Modern+Urban+Life\" target=\"_blank\"><img src=\"http://res3.feedsportal.com/social/linkedin.png\" border=\"0\" /></a>&nbsp;<a href=\"http://share.feedsportal.com/share/gplus/?u=http%3A%2F%2Fwww.wired.com%2Fdesign%2F2014%2F03%2Fsmart-new-collection-ikea-people-move%2F&t=Ikea%27s+New+Portable+Furniture+Is+a+Smart+Take+on+Modern+Urban+Life\" target=\"_blank\"><img src=\"http://res3.feedsportal.com/social/googleplus.png\" border=\"0\" /></a>&nbsp;<a href=\"http://share.feedsportal.com/share/email/?u=http%3A%2F%2Fwww.wired.com%2Fdesign%2F2014%2F03%2Fsmart-new-collection-ikea-people-move%2F&t=Ikea%27s+New+Portable+Furniture+Is+a+Smart+Take+on+Modern+Urban+Life\" target=\"_blank\"><img src=\"http://res3.feedsportal.com/social/email.png\" border=\"0\" /></a></td></tr></table></div><br/><br/><a href=\"http://da.feedsportal.com/r/191801488980/u/0/f/661370/c/35185/s/385b192c/sc/4/rc/1/rc.htm\" rel=\"nofollow\"><img src=\"http://da.feedsportal.com/r/191801488980/u/0/f/661370/c/35185/s/385b192c/sc/4/rc/1/rc.img\" border=\"0\"/></a><br/><a href=\"http://da.feedsportal.com/r/191801488980/u/0/f/661370/c/35185/s/385b192c/sc/4/rc/2/rc.htm\" rel=\"nofollow\"><img src=\"http://da.feedsportal.com/r/191801488980/u/0/f/661370/c/35185/s/385b192c/sc/4/rc/2/rc.img\" border=\"0\"/></a><br/><a href=\"http://da.feedsportal.com/r/191801488980/u/0/f/661370/c/35185/s/385b192c/sc/4/rc/3/rc.htm\" rel=\"nofollow\"><img src=\"http://da.feedsportal.com/r/191801488980/u/0/f/661370/c/35185/s/385b192c/sc/4/rc/3/rc.img\" border=\"0\"/></a><br/><br/><a href=\"http://da.feedsportal.com/r/191801488980/u/0/f/661370/c/35185/s/385b192c/a2.htm\"><img src=\"http://da.feedsportal.com/r/191801488980/u/0/f/661370/c/35185/s/385b192c/a2.img\" border=\"0\"/></a><img width=\"1\" height=\"1\" src=\"http://pi.feedsportal.com/r/191801488980/u/0/f/661370/c/35185/s/385b192c/a2t.img\" border=\"0\"/>','http://feeds.wired.com/c/35185/f/661370/s/385b192c/sc/4/l/0L0Swired0N0Cdesign0C20A140C0A30Csmart0Enew0Ecollection0Eikea0Epeople0Emove0C/story01.htm',1,NULL),(33,2,'Quantum Supergravity Could Explain Weirdness of Black Holes','Physicists have searched for a theory of quantum gravity for 80 years. But every proposed theory of how gravity particles might behave faces the same problem: upon close inspection, it doesn\'t make mathematical sense. But as theoretical particle physicist Zvi Bern and his team pull off increasingly sophisticated calculations, the odds improve that they possess the framework of a working theory of quantum gravity, which would describe the quantum-scale source of the force that moors planets to stars and keeps feet on the ground.<img width=\'1\' height=\'1\' src=\'http://feeds.wired.com/c/35185/f/661370/s/385b192a/sc/38/mf.gif\' border=\'0\'/><br clear=\'all\'/><div class=\'mf-viral\'><table border=\'0\'><tr><td valign=\'middle\'><a href=\"http://share.feedsportal.com/share/twitter/?u=http%3A%2F%2Fwww.wired.com%2Fwiredscience%2F2014%2F03%2Fquantum-supergravity%2F&t=Quantum+Supergravity+Could+Explain+Weirdness+of+Black+Holes\" target=\"_blank\"><img src=\"http://res3.feedsportal.com/social/twitter.png\" border=\"0\" /></a>&nbsp;<a href=\"http://share.feedsportal.com/share/facebook/?u=http%3A%2F%2Fwww.wired.com%2Fwiredscience%2F2014%2F03%2Fquantum-supergravity%2F&t=Quantum+Supergravity+Could+Explain+Weirdness+of+Black+Holes\" target=\"_blank\"><img src=\"http://res3.feedsportal.com/social/facebook.png\" border=\"0\" /></a>&nbsp;<a href=\"http://share.feedsportal.com/share/linkedin/?u=http%3A%2F%2Fwww.wired.com%2Fwiredscience%2F2014%2F03%2Fquantum-supergravity%2F&t=Quantum+Supergravity+Could+Explain+Weirdness+of+Black+Holes\" target=\"_blank\"><img src=\"http://res3.feedsportal.com/social/linkedin.png\" border=\"0\" /></a>&nbsp;<a href=\"http://share.feedsportal.com/share/gplus/?u=http%3A%2F%2Fwww.wired.com%2Fwiredscience%2F2014%2F03%2Fquantum-supergravity%2F&t=Quantum+Supergravity+Could+Explain+Weirdness+of+Black+Holes\" target=\"_blank\"><img src=\"http://res3.feedsportal.com/social/googleplus.png\" border=\"0\" /></a>&nbsp;<a href=\"http://share.feedsportal.com/share/email/?u=http%3A%2F%2Fwww.wired.com%2Fwiredscience%2F2014%2F03%2Fquantum-supergravity%2F&t=Quantum+Supergravity+Could+Explain+Weirdness+of+Black+Holes\" target=\"_blank\"><img src=\"http://res3.feedsportal.com/social/email.png\" border=\"0\" /></a></td></tr></table></div><br/><br/><a href=\"http://da.feedsportal.com/r/191801488979/u/0/f/661370/c/35185/s/385b192a/sc/38/rc/1/rc.htm\" rel=\"nofollow\"><img src=\"http://da.feedsportal.com/r/191801488979/u/0/f/661370/c/35185/s/385b192a/sc/38/rc/1/rc.img\" border=\"0\"/></a><br/><a href=\"http://da.feedsportal.com/r/191801488979/u/0/f/661370/c/35185/s/385b192a/sc/38/rc/2/rc.htm\" rel=\"nofollow\"><img src=\"http://da.feedsportal.com/r/191801488979/u/0/f/661370/c/35185/s/385b192a/sc/38/rc/2/rc.img\" border=\"0\"/></a><br/><a href=\"http://da.feedsportal.com/r/191801488979/u/0/f/661370/c/35185/s/385b192a/sc/38/rc/3/rc.htm\" rel=\"nofollow\"><img src=\"http://da.feedsportal.com/r/191801488979/u/0/f/661370/c/35185/s/385b192a/sc/38/rc/3/rc.img\" border=\"0\"/></a><br/><br/><a href=\"http://da.feedsportal.com/r/191801488979/u/0/f/661370/c/35185/s/385b192a/a2.htm\"><img src=\"http://da.feedsportal.com/r/191801488979/u/0/f/661370/c/35185/s/385b192a/a2.img\" border=\"0\"/></a><img width=\"1\" height=\"1\" src=\"http://pi.feedsportal.com/r/191801488979/u/0/f/661370/c/35185/s/385b192a/a2t.img\" border=\"0\"/>','http://feeds.wired.com/c/35185/f/661370/s/385b192a/sc/38/l/0L0Swired0N0Cwiredscience0C20A140C0A30Cquantum0Esupergravity0C/story01.htm',1,NULL),(34,2,'When Will I Get One Million Twitter Followers?','It seems that the primary objective of the Lucretius, ver. 21c blog is to compile statistics on the twitter accounts of the top physicists, philosophers, and astronomers. Occasionally, there are posts that show the growth of different accounts. In particular, I like this short analysis. When I look at this, I have two thoughts (yes, just two). ...<img width=\'1\' height=\'1\' src=\'http://feeds.wired.com/c/35185/f/661370/s/3857fc7a/sc/22/mf.gif\' border=\'0\'/><br clear=\'all\'/><div class=\'mf-viral\'><table border=\'0\'><tr><td valign=\'middle\'><a href=\"http://share.feedsportal.com/share/twitter/?u=http%3A%2F%2Fwww.wired.com%2Fwiredscience%2F2014%2F03%2Fwill-get-one-million-twitter-followers%2F&t=When+Will+I+Get+One+Million+Twitter+Followers%3F\" target=\"_blank\"><img src=\"http://res3.feedsportal.com/social/twitter.png\" border=\"0\" /></a>&nbsp;<a href=\"http://share.feedsportal.com/share/facebook/?u=http%3A%2F%2Fwww.wired.com%2Fwiredscience%2F2014%2F03%2Fwill-get-one-million-twitter-followers%2F&t=When+Will+I+Get+One+Million+Twitter+Followers%3F\" target=\"_blank\"><img src=\"http://res3.feedsportal.com/social/facebook.png\" border=\"0\" /></a>&nbsp;<a href=\"http://share.feedsportal.com/share/linkedin/?u=http%3A%2F%2Fwww.wired.com%2Fwiredscience%2F2014%2F03%2Fwill-get-one-million-twitter-followers%2F&t=When+Will+I+Get+One+Million+Twitter+Followers%3F\" target=\"_blank\"><img src=\"http://res3.feedsportal.com/social/linkedin.png\" border=\"0\" /></a>&nbsp;<a href=\"http://share.feedsportal.com/share/gplus/?u=http%3A%2F%2Fwww.wired.com%2Fwiredscience%2F2014%2F03%2Fwill-get-one-million-twitter-followers%2F&t=When+Will+I+Get+One+Million+Twitter+Followers%3F\" target=\"_blank\"><img src=\"http://res3.feedsportal.com/social/googleplus.png\" border=\"0\" /></a>&nbsp;<a href=\"http://share.feedsportal.com/share/email/?u=http%3A%2F%2Fwww.wired.com%2Fwiredscience%2F2014%2F03%2Fwill-get-one-million-twitter-followers%2F&t=When+Will+I+Get+One+Million+Twitter+Followers%3F\" target=\"_blank\"><img src=\"http://res3.feedsportal.com/social/email.png\" border=\"0\" /></a></td></tr></table></div><br/><br/><a href=\"http://da.feedsportal.com/r/191801373973/u/0/f/661370/c/35185/s/3857fc7a/sc/22/rc/1/rc.htm\" rel=\"nofollow\"><img src=\"http://da.feedsportal.com/r/191801373973/u/0/f/661370/c/35185/s/3857fc7a/sc/22/rc/1/rc.img\" border=\"0\"/></a><br/><a href=\"http://da.feedsportal.com/r/191801373973/u/0/f/661370/c/35185/s/3857fc7a/sc/22/rc/2/rc.htm\" rel=\"nofollow\"><img src=\"http://da.feedsportal.com/r/191801373973/u/0/f/661370/c/35185/s/3857fc7a/sc/22/rc/2/rc.img\" border=\"0\"/></a><br/><a href=\"http://da.feedsportal.com/r/191801373973/u/0/f/661370/c/35185/s/3857fc7a/sc/22/rc/3/rc.htm\" rel=\"nofollow\"><img src=\"http://da.feedsportal.com/r/191801373973/u/0/f/661370/c/35185/s/3857fc7a/sc/22/rc/3/rc.img\" border=\"0\"/></a><br/><br/><a href=\"http://da.feedsportal.com/r/191801373973/u/0/f/661370/c/35185/s/3857fc7a/a2.htm\"><img src=\"http://da.feedsportal.com/r/191801373973/u/0/f/661370/c/35185/s/3857fc7a/a2.img\" border=\"0\"/></a><img width=\"1\" height=\"1\" src=\"http://pi.feedsportal.com/r/191801373973/u/0/f/661370/c/35185/s/3857fc7a/a2t.img\" border=\"0\"/>','http://feeds.wired.com/c/35185/f/661370/s/3857fc7a/sc/22/l/0L0Swired0N0Cwiredscience0C20A140C0A30Cwill0Eget0Eone0Emillion0Etwitter0Efollowers0C/story01.htm',1,NULL),(35,2,'Iconic Cars From Your Favorite Movies, Reimagined as Transformers','Classic pop culture vehicles like Ecto-1 and Scooby-Doo\'s Mystery Machine are cool. But you know what makes them cooler? Turning them into Transformers.<img width=\'1\' height=\'1\' src=\'http://feeds.wired.com/c/35185/f/661370/s/3855fdc1/sc/10/mf.gif\' border=\'0\'/><br clear=\'all\'/><div class=\'mf-viral\'><table border=\'0\'><tr><td valign=\'middle\'><a href=\"http://share.feedsportal.com/share/twitter/?u=http%3A%2F%2Fwww.wired.com%2Funderwire%2F2014%2F03%2Ftv-movie-vehicle-transformers%2F&t=Iconic+Cars+From+Your+Favorite+Movies%2C+Reimagined+as+Transformers\" target=\"_blank\"><img src=\"http://res3.feedsportal.com/social/twitter.png\" border=\"0\" /></a>&nbsp;<a href=\"http://share.feedsportal.com/share/facebook/?u=http%3A%2F%2Fwww.wired.com%2Funderwire%2F2014%2F03%2Ftv-movie-vehicle-transformers%2F&t=Iconic+Cars+From+Your+Favorite+Movies%2C+Reimagined+as+Transformers\" target=\"_blank\"><img src=\"http://res3.feedsportal.com/social/facebook.png\" border=\"0\" /></a>&nbsp;<a href=\"http://share.feedsportal.com/share/linkedin/?u=http%3A%2F%2Fwww.wired.com%2Funderwire%2F2014%2F03%2Ftv-movie-vehicle-transformers%2F&t=Iconic+Cars+From+Your+Favorite+Movies%2C+Reimagined+as+Transformers\" target=\"_blank\"><img src=\"http://res3.feedsportal.com/social/linkedin.png\" border=\"0\" /></a>&nbsp;<a href=\"http://share.feedsportal.com/share/gplus/?u=http%3A%2F%2Fwww.wired.com%2Funderwire%2F2014%2F03%2Ftv-movie-vehicle-transformers%2F&t=Iconic+Cars+From+Your+Favorite+Movies%2C+Reimagined+as+Transformers\" target=\"_blank\"><img src=\"http://res3.feedsportal.com/social/googleplus.png\" border=\"0\" /></a>&nbsp;<a href=\"http://share.feedsportal.com/share/email/?u=http%3A%2F%2Fwww.wired.com%2Funderwire%2F2014%2F03%2Ftv-movie-vehicle-transformers%2F&t=Iconic+Cars+From+Your+Favorite+Movies%2C+Reimagined+as+Transformers\" target=\"_blank\"><img src=\"http://res3.feedsportal.com/social/email.png\" border=\"0\" /></a></td></tr></table></div><br/><br/><a href=\"http://da.feedsportal.com/r/191801725793/u/0/f/661370/c/35185/s/3855fdc1/sc/10/rc/1/rc.htm\" rel=\"nofollow\"><img src=\"http://da.feedsportal.com/r/191801725793/u/0/f/661370/c/35185/s/3855fdc1/sc/10/rc/1/rc.img\" border=\"0\"/></a><br/><a href=\"http://da.feedsportal.com/r/191801725793/u/0/f/661370/c/35185/s/3855fdc1/sc/10/rc/2/rc.htm\" rel=\"nofollow\"><img src=\"http://da.feedsportal.com/r/191801725793/u/0/f/661370/c/35185/s/3855fdc1/sc/10/rc/2/rc.img\" border=\"0\"/></a><br/><a href=\"http://da.feedsportal.com/r/191801725793/u/0/f/661370/c/35185/s/3855fdc1/sc/10/rc/3/rc.htm\" rel=\"nofollow\"><img src=\"http://da.feedsportal.com/r/191801725793/u/0/f/661370/c/35185/s/3855fdc1/sc/10/rc/3/rc.img\" border=\"0\"/></a><br/><br/><a href=\"http://da.feedsportal.com/r/191801725793/u/0/f/661370/c/35185/s/3855fdc1/a2.htm\"><img src=\"http://da.feedsportal.com/r/191801725793/u/0/f/661370/c/35185/s/3855fdc1/a2.img\" border=\"0\"/></a><img width=\"1\" height=\"1\" src=\"http://pi.feedsportal.com/r/191801725793/u/0/f/661370/c/35185/s/3855fdc1/a2t.img\" border=\"0\"/>','http://feeds.wired.com/c/35185/f/661370/s/3855fdc1/sc/10/l/0L0Swired0N0Cunderwire0C20A140C0A30Ctv0Emovie0Evehicle0Etransformers0C/story01.htm',1,NULL),(36,2,'Father of the Web Meets a Robot Edward Snowden, Calls Him a Hero','Edward Snowden made a surprise appearance at TED today, sort of. The National Security Agency whistleblower took to the stage on the conference\'s second day via a wheeled video-chat bot he controlled from a computer.<img width=\'1\' height=\'1\' src=\'http://feeds.wired.com/c/35185/f/661370/s/3855727e/sc/21/mf.gif\' border=\'0\'/><br clear=\'all\'/><div class=\'mf-viral\'><table border=\'0\'><tr><td valign=\'middle\'><a href=\"http://share.feedsportal.com/share/twitter/?u=http%3A%2F%2Fwww.wired.com%2Fbusiness%2F2014%2F03%2Fed-snowden-meets-father-web-stage-ted%2F&t=Father+of+the+Web+Meets+a+Robot+Edward+Snowden%2C+Calls+Him+a+Hero\" target=\"_blank\"><img src=\"http://res3.feedsportal.com/social/twitter.png\" border=\"0\" /></a>&nbsp;<a href=\"http://share.feedsportal.com/share/facebook/?u=http%3A%2F%2Fwww.wired.com%2Fbusiness%2F2014%2F03%2Fed-snowden-meets-father-web-stage-ted%2F&t=Father+of+the+Web+Meets+a+Robot+Edward+Snowden%2C+Calls+Him+a+Hero\" target=\"_blank\"><img src=\"http://res3.feedsportal.com/social/facebook.png\" border=\"0\" /></a>&nbsp;<a href=\"http://share.feedsportal.com/share/linkedin/?u=http%3A%2F%2Fwww.wired.com%2Fbusiness%2F2014%2F03%2Fed-snowden-meets-father-web-stage-ted%2F&t=Father+of+the+Web+Meets+a+Robot+Edward+Snowden%2C+Calls+Him+a+Hero\" target=\"_blank\"><img src=\"http://res3.feedsportal.com/social/linkedin.png\" border=\"0\" /></a>&nbsp;<a href=\"http://share.feedsportal.com/share/gplus/?u=http%3A%2F%2Fwww.wired.com%2Fbusiness%2F2014%2F03%2Fed-snowden-meets-father-web-stage-ted%2F&t=Father+of+the+Web+Meets+a+Robot+Edward+Snowden%2C+Calls+Him+a+Hero\" target=\"_blank\"><img src=\"http://res3.feedsportal.com/social/googleplus.png\" border=\"0\" /></a>&nbsp;<a href=\"http://share.feedsportal.com/share/email/?u=http%3A%2F%2Fwww.wired.com%2Fbusiness%2F2014%2F03%2Fed-snowden-meets-father-web-stage-ted%2F&t=Father+of+the+Web+Meets+a+Robot+Edward+Snowden%2C+Calls+Him+a+Hero\" target=\"_blank\"><img src=\"http://res3.feedsportal.com/social/email.png\" border=\"0\" /></a></td></tr></table></div><br/><br/><a href=\"http://da.feedsportal.com/r/191801559387/u/0/f/661370/c/35185/s/3855727e/sc/21/rc/1/rc.htm\" rel=\"nofollow\"><img src=\"http://da.feedsportal.com/r/191801559387/u/0/f/661370/c/35185/s/3855727e/sc/21/rc/1/rc.img\" border=\"0\"/></a><br/><a href=\"http://da.feedsportal.com/r/191801559387/u/0/f/661370/c/35185/s/3855727e/sc/21/rc/2/rc.htm\" rel=\"nofollow\"><img src=\"http://da.feedsportal.com/r/191801559387/u/0/f/661370/c/35185/s/3855727e/sc/21/rc/2/rc.img\" border=\"0\"/></a><br/><a href=\"http://da.feedsportal.com/r/191801559387/u/0/f/661370/c/35185/s/3855727e/sc/21/rc/3/rc.htm\" rel=\"nofollow\"><img src=\"http://da.feedsportal.com/r/191801559387/u/0/f/661370/c/35185/s/3855727e/sc/21/rc/3/rc.img\" border=\"0\"/></a><br/><br/><a href=\"http://da.feedsportal.com/r/191801559387/u/0/f/661370/c/35185/s/3855727e/a2.htm\"><img src=\"http://da.feedsportal.com/r/191801559387/u/0/f/661370/c/35185/s/3855727e/a2.img\" border=\"0\"/></a><img width=\"1\" height=\"1\" src=\"http://pi.feedsportal.com/r/191801559387/u/0/f/661370/c/35185/s/3855727e/a2t.img\" border=\"0\"/>','http://feeds.wired.com/c/35185/f/661370/s/3855727e/sc/21/l/0L0Swired0N0Cbusiness0C20A140C0A30Ced0Esnowden0Emeets0Efather0Eweb0Estage0Eted0C/story01.htm',1,NULL),(37,2,'Please Let This Be Peak Selfie','I am pretty sure--or at least I am earnestly hopeful--that we have reached peak selfie.<img width=\'1\' height=\'1\' src=\'http://feeds.wired.com/c/35185/f/661370/s/38559252/sc/19/mf.gif\' border=\'0\'/><br clear=\'all\'/><div class=\'mf-viral\'><table border=\'0\'><tr><td valign=\'middle\'><a href=\"http://share.feedsportal.com/share/twitter/?u=http%3A%2F%2Fwww.wired.com%2Fgadgetlab%2F2014%2F03%2Fplease-let-peak-selfie%2F&t=Please+Let+This+Be+Peak+Selfie\" target=\"_blank\"><img src=\"http://res3.feedsportal.com/social/twitter.png\" border=\"0\" /></a>&nbsp;<a href=\"http://share.feedsportal.com/share/facebook/?u=http%3A%2F%2Fwww.wired.com%2Fgadgetlab%2F2014%2F03%2Fplease-let-peak-selfie%2F&t=Please+Let+This+Be+Peak+Selfie\" target=\"_blank\"><img src=\"http://res3.feedsportal.com/social/facebook.png\" border=\"0\" /></a>&nbsp;<a href=\"http://share.feedsportal.com/share/linkedin/?u=http%3A%2F%2Fwww.wired.com%2Fgadgetlab%2F2014%2F03%2Fplease-let-peak-selfie%2F&t=Please+Let+This+Be+Peak+Selfie\" target=\"_blank\"><img src=\"http://res3.feedsportal.com/social/linkedin.png\" border=\"0\" /></a>&nbsp;<a href=\"http://share.feedsportal.com/share/gplus/?u=http%3A%2F%2Fwww.wired.com%2Fgadgetlab%2F2014%2F03%2Fplease-let-peak-selfie%2F&t=Please+Let+This+Be+Peak+Selfie\" target=\"_blank\"><img src=\"http://res3.feedsportal.com/social/googleplus.png\" border=\"0\" /></a>&nbsp;<a href=\"http://share.feedsportal.com/share/email/?u=http%3A%2F%2Fwww.wired.com%2Fgadgetlab%2F2014%2F03%2Fplease-let-peak-selfie%2F&t=Please+Let+This+Be+Peak+Selfie\" target=\"_blank\"><img src=\"http://res3.feedsportal.com/social/email.png\" border=\"0\" /></a></td></tr></table></div><br/><br/><a href=\"http://da.feedsportal.com/r/191801362742/u/0/f/661370/c/35185/s/38559252/sc/19/rc/1/rc.htm\" rel=\"nofollow\"><img src=\"http://da.feedsportal.com/r/191801362742/u/0/f/661370/c/35185/s/38559252/sc/19/rc/1/rc.img\" border=\"0\"/></a><br/><a href=\"http://da.feedsportal.com/r/191801362742/u/0/f/661370/c/35185/s/38559252/sc/19/rc/2/rc.htm\" rel=\"nofollow\"><img src=\"http://da.feedsportal.com/r/191801362742/u/0/f/661370/c/35185/s/38559252/sc/19/rc/2/rc.img\" border=\"0\"/></a><br/><a href=\"http://da.feedsportal.com/r/191801362742/u/0/f/661370/c/35185/s/38559252/sc/19/rc/3/rc.htm\" rel=\"nofollow\"><img src=\"http://da.feedsportal.com/r/191801362742/u/0/f/661370/c/35185/s/38559252/sc/19/rc/3/rc.img\" border=\"0\"/></a><br/><br/><a href=\"http://da.feedsportal.com/r/191801362742/u/0/f/661370/c/35185/s/38559252/a2.htm\"><img src=\"http://da.feedsportal.com/r/191801362742/u/0/f/661370/c/35185/s/38559252/a2.img\" border=\"0\"/></a><img width=\"1\" height=\"1\" src=\"http://pi.feedsportal.com/r/191801362742/u/0/f/661370/c/35185/s/38559252/a2t.img\" border=\"0\"/>','http://feeds.wired.com/c/35185/f/661370/s/38559252/sc/19/l/0L0Swired0N0Cgadgetlab0C20A140C0A30Cplease0Elet0Epeak0Eselfie0C/story01.htm',1,NULL),(38,2,'Competition May Not Be the Driving Force of Species Diversity After All','A large new study of ovenbird lineages questions whether competing species push each other to evolve.<img width=\'1\' height=\'1\' src=\'http://feeds.wired.com/c/35185/f/661370/s/3855492d/sc/31/mf.gif\' border=\'0\'/><br clear=\'all\'/><div class=\'mf-viral\'><table border=\'0\'><tr><td valign=\'middle\'><a href=\"http://share.feedsportal.com/share/twitter/?u=http%3A%2F%2Fwww.wired.com%2Fwiredscience%2F2014%2F03%2Fbird-evolution%2F&t=Competition+May+Not+Be+the+Driving+Force+of+Species+Diversity+After+All\" target=\"_blank\"><img src=\"http://res3.feedsportal.com/social/twitter.png\" border=\"0\" /></a>&nbsp;<a href=\"http://share.feedsportal.com/share/facebook/?u=http%3A%2F%2Fwww.wired.com%2Fwiredscience%2F2014%2F03%2Fbird-evolution%2F&t=Competition+May+Not+Be+the+Driving+Force+of+Species+Diversity+After+All\" target=\"_blank\"><img src=\"http://res3.feedsportal.com/social/facebook.png\" border=\"0\" /></a>&nbsp;<a href=\"http://share.feedsportal.com/share/linkedin/?u=http%3A%2F%2Fwww.wired.com%2Fwiredscience%2F2014%2F03%2Fbird-evolution%2F&t=Competition+May+Not+Be+the+Driving+Force+of+Species+Diversity+After+All\" target=\"_blank\"><img src=\"http://res3.feedsportal.com/social/linkedin.png\" border=\"0\" /></a>&nbsp;<a href=\"http://share.feedsportal.com/share/gplus/?u=http%3A%2F%2Fwww.wired.com%2Fwiredscience%2F2014%2F03%2Fbird-evolution%2F&t=Competition+May+Not+Be+the+Driving+Force+of+Species+Diversity+After+All\" target=\"_blank\"><img src=\"http://res3.feedsportal.com/social/googleplus.png\" border=\"0\" /></a>&nbsp;<a href=\"http://share.feedsportal.com/share/email/?u=http%3A%2F%2Fwww.wired.com%2Fwiredscience%2F2014%2F03%2Fbird-evolution%2F&t=Competition+May+Not+Be+the+Driving+Force+of+Species+Diversity+After+All\" target=\"_blank\"><img src=\"http://res3.feedsportal.com/social/email.png\" border=\"0\" /></a></td></tr></table></div><br/><br/><a href=\"http://da.feedsportal.com/r/191801722839/u/0/f/661370/c/35185/s/3855492d/sc/31/rc/1/rc.htm\" rel=\"nofollow\"><img src=\"http://da.feedsportal.com/r/191801722839/u/0/f/661370/c/35185/s/3855492d/sc/31/rc/1/rc.img\" border=\"0\"/></a><br/><a href=\"http://da.feedsportal.com/r/191801722839/u/0/f/661370/c/35185/s/3855492d/sc/31/rc/2/rc.htm\" rel=\"nofollow\"><img src=\"http://da.feedsportal.com/r/191801722839/u/0/f/661370/c/35185/s/3855492d/sc/31/rc/2/rc.img\" border=\"0\"/></a><br/><a href=\"http://da.feedsportal.com/r/191801722839/u/0/f/661370/c/35185/s/3855492d/sc/31/rc/3/rc.htm\" rel=\"nofollow\"><img src=\"http://da.feedsportal.com/r/191801722839/u/0/f/661370/c/35185/s/3855492d/sc/31/rc/3/rc.img\" border=\"0\"/></a><br/><br/><a href=\"http://da.feedsportal.com/r/191801722839/u/0/f/661370/c/35185/s/3855492d/a2.htm\"><img src=\"http://da.feedsportal.com/r/191801722839/u/0/f/661370/c/35185/s/3855492d/a2.img\" border=\"0\"/></a><img width=\"1\" height=\"1\" src=\"http://pi.feedsportal.com/r/191801722839/u/0/f/661370/c/35185/s/3855492d/a2t.img\" border=\"0\"/>','http://feeds.wired.com/c/35185/f/661370/s/3855492d/sc/31/l/0L0Swired0N0Cwiredscience0C20A140C0A30Cbird0Eevolution0C/story01.htm',1,NULL),(39,2,'Watch the First Trailer for the 3-D Peanuts</em> Movie','Charlie Brown and the gang are headed to the big screen (in 3-D!) in 2015. Check out the first trailer for Peanuts, which is sure to inspire nostalgia and nerdrage, here.<img width=\'1\' height=\'1\' src=\'http://feeds.wired.com/c/35185/f/661370/s/3854a1f6/sc/38/mf.gif\' border=\'0\'/><br clear=\'all\'/><div class=\'mf-viral\'><table border=\'0\'><tr><td valign=\'middle\'><a href=\"http://share.feedsportal.com/share/twitter/?u=http%3A%2F%2Fwww.wired.com%2Funderwire%2F2014%2F03%2Fpeanuts-3d-trailer%2F&t=Watch+the+First+Trailer+for+the+3-D+Peanuts%3C%2Fem%3E+Movie\" target=\"_blank\"><img src=\"http://res3.feedsportal.com/social/twitter.png\" border=\"0\" /></a>&nbsp;<a href=\"http://share.feedsportal.com/share/facebook/?u=http%3A%2F%2Fwww.wired.com%2Funderwire%2F2014%2F03%2Fpeanuts-3d-trailer%2F&t=Watch+the+First+Trailer+for+the+3-D+Peanuts%3C%2Fem%3E+Movie\" target=\"_blank\"><img src=\"http://res3.feedsportal.com/social/facebook.png\" border=\"0\" /></a>&nbsp;<a href=\"http://share.feedsportal.com/share/linkedin/?u=http%3A%2F%2Fwww.wired.com%2Funderwire%2F2014%2F03%2Fpeanuts-3d-trailer%2F&t=Watch+the+First+Trailer+for+the+3-D+Peanuts%3C%2Fem%3E+Movie\" target=\"_blank\"><img src=\"http://res3.feedsportal.com/social/linkedin.png\" border=\"0\" /></a>&nbsp;<a href=\"http://share.feedsportal.com/share/gplus/?u=http%3A%2F%2Fwww.wired.com%2Funderwire%2F2014%2F03%2Fpeanuts-3d-trailer%2F&t=Watch+the+First+Trailer+for+the+3-D+Peanuts%3C%2Fem%3E+Movie\" target=\"_blank\"><img src=\"http://res3.feedsportal.com/social/googleplus.png\" border=\"0\" /></a>&nbsp;<a href=\"http://share.feedsportal.com/share/email/?u=http%3A%2F%2Fwww.wired.com%2Funderwire%2F2014%2F03%2Fpeanuts-3d-trailer%2F&t=Watch+the+First+Trailer+for+the+3-D+Peanuts%3C%2Fem%3E+Movie\" target=\"_blank\"><img src=\"http://res3.feedsportal.com/social/email.png\" border=\"0\" /></a></td></tr></table></div><br/><br/><a href=\"http://da.feedsportal.com/r/191801721537/u/0/f/661370/c/35185/s/3854a1f6/sc/38/rc/1/rc.htm\" rel=\"nofollow\"><img src=\"http://da.feedsportal.com/r/191801721537/u/0/f/661370/c/35185/s/3854a1f6/sc/38/rc/1/rc.img\" border=\"0\"/></a><br/><a href=\"http://da.feedsportal.com/r/191801721537/u/0/f/661370/c/35185/s/3854a1f6/sc/38/rc/2/rc.htm\" rel=\"nofollow\"><img src=\"http://da.feedsportal.com/r/191801721537/u/0/f/661370/c/35185/s/3854a1f6/sc/38/rc/2/rc.img\" border=\"0\"/></a><br/><a href=\"http://da.feedsportal.com/r/191801721537/u/0/f/661370/c/35185/s/3854a1f6/sc/38/rc/3/rc.htm\" rel=\"nofollow\"><img src=\"http://da.feedsportal.com/r/191801721537/u/0/f/661370/c/35185/s/3854a1f6/sc/38/rc/3/rc.img\" border=\"0\"/></a><br/><br/><a href=\"http://da.feedsportal.com/r/191801721537/u/0/f/661370/c/35185/s/3854a1f6/a2.htm\"><img src=\"http://da.feedsportal.com/r/191801721537/u/0/f/661370/c/35185/s/3854a1f6/a2.img\" border=\"0\"/></a><img width=\"1\" height=\"1\" src=\"http://pi.feedsportal.com/r/191801721537/u/0/f/661370/c/35185/s/3854a1f6/a2t.img\" border=\"0\"/>','http://feeds.wired.com/c/35185/f/661370/s/3854a1f6/sc/38/l/0L0Swired0N0Cunderwire0C20A140C0A30Cpeanuts0E3d0Etrailer0C/story01.htm',1,NULL),(40,2,'Android\'s New OS for Wearables Is Like Google Now for Your Body','Google clearly knows what time it is. Today it announced Android Wear, a project to bring Android to wearable computers.<img width=\'1\' height=\'1\' src=\'http://feeds.wired.com/c/35185/f/661370/s/3854220e/sc/21/mf.gif\' border=\'0\'/><br clear=\'all\'/><div class=\'mf-viral\'><table border=\'0\'><tr><td valign=\'middle\'><a href=\"http://share.feedsportal.com/share/twitter/?u=http%3A%2F%2Fwww.wired.com%2Fgadgetlab%2F2014%2F03%2Fandroid-wearables%2F&t=Android%27s+New+OS+for+Wearables+Is+Like+Google+Now+for+Your+Body\" target=\"_blank\"><img src=\"http://res3.feedsportal.com/social/twitter.png\" border=\"0\" /></a>&nbsp;<a href=\"http://share.feedsportal.com/share/facebook/?u=http%3A%2F%2Fwww.wired.com%2Fgadgetlab%2F2014%2F03%2Fandroid-wearables%2F&t=Android%27s+New+OS+for+Wearables+Is+Like+Google+Now+for+Your+Body\" target=\"_blank\"><img src=\"http://res3.feedsportal.com/social/facebook.png\" border=\"0\" /></a>&nbsp;<a href=\"http://share.feedsportal.com/share/linkedin/?u=http%3A%2F%2Fwww.wired.com%2Fgadgetlab%2F2014%2F03%2Fandroid-wearables%2F&t=Android%27s+New+OS+for+Wearables+Is+Like+Google+Now+for+Your+Body\" target=\"_blank\"><img src=\"http://res3.feedsportal.com/social/linkedin.png\" border=\"0\" /></a>&nbsp;<a href=\"http://share.feedsportal.com/share/gplus/?u=http%3A%2F%2Fwww.wired.com%2Fgadgetlab%2F2014%2F03%2Fandroid-wearables%2F&t=Android%27s+New+OS+for+Wearables+Is+Like+Google+Now+for+Your+Body\" target=\"_blank\"><img src=\"http://res3.feedsportal.com/social/googleplus.png\" border=\"0\" /></a>&nbsp;<a href=\"http://share.feedsportal.com/share/email/?u=http%3A%2F%2Fwww.wired.com%2Fgadgetlab%2F2014%2F03%2Fandroid-wearables%2F&t=Android%27s+New+OS+for+Wearables+Is+Like+Google+Now+for+Your+Body\" target=\"_blank\"><img src=\"http://res3.feedsportal.com/social/email.png\" border=\"0\" /></a></td></tr></table></div><br/><br/><a href=\"http://da.feedsportal.com/r/191801460268/u/0/f/661370/c/35185/s/3854220e/sc/21/rc/1/rc.htm\" rel=\"nofollow\"><img src=\"http://da.feedsportal.com/r/191801460268/u/0/f/661370/c/35185/s/3854220e/sc/21/rc/1/rc.img\" border=\"0\"/></a><br/><a href=\"http://da.feedsportal.com/r/191801460268/u/0/f/661370/c/35185/s/3854220e/sc/21/rc/2/rc.htm\" rel=\"nofollow\"><img src=\"http://da.feedsportal.com/r/191801460268/u/0/f/661370/c/35185/s/3854220e/sc/21/rc/2/rc.img\" border=\"0\"/></a><br/><a href=\"http://da.feedsportal.com/r/191801460268/u/0/f/661370/c/35185/s/3854220e/sc/21/rc/3/rc.htm\" rel=\"nofollow\"><img src=\"http://da.feedsportal.com/r/191801460268/u/0/f/661370/c/35185/s/3854220e/sc/21/rc/3/rc.img\" border=\"0\"/></a><br/><br/><a href=\"http://da.feedsportal.com/r/191801460268/u/0/f/661370/c/35185/s/3854220e/a2.htm\"><img src=\"http://da.feedsportal.com/r/191801460268/u/0/f/661370/c/35185/s/3854220e/a2.img\" border=\"0\"/></a><img width=\"1\" height=\"1\" src=\"http://pi.feedsportal.com/r/191801460268/u/0/f/661370/c/35185/s/3854220e/a2t.img\" border=\"0\"/>','http://feeds.wired.com/c/35185/f/661370/s/3854220e/sc/21/l/0L0Swired0N0Cgadgetlab0C20A140C0A30Candroid0Ewearables0C/story01.htm',1,NULL),(41,2,'The Next Big Thing You Missed: 3-D Printing Promises Better Bionic Limbs for the War-Wounded','David Sengeh grew up during Sierra Leone\'s bloody civil war. Today at MIT, he\'s combining advanced math and 3-D printing to make better artificial limbs for amputees everywhere.<img width=\'1\' height=\'1\' src=\'http://feeds.wired.com/c/35185/f/661370/s/38542216/sc/10/mf.gif\' border=\'0\'/><br clear=\'all\'/><div class=\'mf-viral\'><table border=\'0\'><tr><td valign=\'middle\'><a href=\"http://share.feedsportal.com/share/twitter/?u=http%3A%2F%2Fwww.wired.com%2Fbusiness%2F2014%2F03%2Fnext-big-thing-missed-bionic-limbs-3d-printed-worlds-war-wounded%2F&t=The+Next+Big+Thing+You+Missed%3A+3-D+Printing+Promises+Better+Bionic+Limbs+for+the+War-Wounded\" target=\"_blank\"><img src=\"http://res3.feedsportal.com/social/twitter.png\" border=\"0\" /></a>&nbsp;<a href=\"http://share.feedsportal.com/share/facebook/?u=http%3A%2F%2Fwww.wired.com%2Fbusiness%2F2014%2F03%2Fnext-big-thing-missed-bionic-limbs-3d-printed-worlds-war-wounded%2F&t=The+Next+Big+Thing+You+Missed%3A+3-D+Printing+Promises+Better+Bionic+Limbs+for+the+War-Wounded\" target=\"_blank\"><img src=\"http://res3.feedsportal.com/social/facebook.png\" border=\"0\" /></a>&nbsp;<a href=\"http://share.feedsportal.com/share/linkedin/?u=http%3A%2F%2Fwww.wired.com%2Fbusiness%2F2014%2F03%2Fnext-big-thing-missed-bionic-limbs-3d-printed-worlds-war-wounded%2F&t=The+Next+Big+Thing+You+Missed%3A+3-D+Printing+Promises+Better+Bionic+Limbs+for+the+War-Wounded\" target=\"_blank\"><img src=\"http://res3.feedsportal.com/social/linkedin.png\" border=\"0\" /></a>&nbsp;<a href=\"http://share.feedsportal.com/share/gplus/?u=http%3A%2F%2Fwww.wired.com%2Fbusiness%2F2014%2F03%2Fnext-big-thing-missed-bionic-limbs-3d-printed-worlds-war-wounded%2F&t=The+Next+Big+Thing+You+Missed%3A+3-D+Printing+Promises+Better+Bionic+Limbs+for+the+War-Wounded\" target=\"_blank\"><img src=\"http://res3.feedsportal.com/social/googleplus.png\" border=\"0\" /></a>&nbsp;<a href=\"http://share.feedsportal.com/share/email/?u=http%3A%2F%2Fwww.wired.com%2Fbusiness%2F2014%2F03%2Fnext-big-thing-missed-bionic-limbs-3d-printed-worlds-war-wounded%2F&t=The+Next+Big+Thing+You+Missed%3A+3-D+Printing+Promises+Better+Bionic+Limbs+for+the+War-Wounded\" target=\"_blank\"><img src=\"http://res3.feedsportal.com/social/email.png\" border=\"0\" /></a></td></tr></table></div><br/><br/><a href=\"http://da.feedsportal.com/r/191801460267/u/0/f/661370/c/35185/s/38542216/sc/10/rc/1/rc.htm\" rel=\"nofollow\"><img src=\"http://da.feedsportal.com/r/191801460267/u/0/f/661370/c/35185/s/38542216/sc/10/rc/1/rc.img\" border=\"0\"/></a><br/><a href=\"http://da.feedsportal.com/r/191801460267/u/0/f/661370/c/35185/s/38542216/sc/10/rc/2/rc.htm\" rel=\"nofollow\"><img src=\"http://da.feedsportal.com/r/191801460267/u/0/f/661370/c/35185/s/38542216/sc/10/rc/2/rc.img\" border=\"0\"/></a><br/><a href=\"http://da.feedsportal.com/r/191801460267/u/0/f/661370/c/35185/s/38542216/sc/10/rc/3/rc.htm\" rel=\"nofollow\"><img src=\"http://da.feedsportal.com/r/191801460267/u/0/f/661370/c/35185/s/38542216/sc/10/rc/3/rc.img\" border=\"0\"/></a><br/><br/><a href=\"http://da.feedsportal.com/r/191801460267/u/0/f/661370/c/35185/s/38542216/a2.htm\"><img src=\"http://da.feedsportal.com/r/191801460267/u/0/f/661370/c/35185/s/38542216/a2.img\" border=\"0\"/></a><img width=\"1\" height=\"1\" src=\"http://pi.feedsportal.com/r/191801460267/u/0/f/661370/c/35185/s/38542216/a2t.img\" border=\"0\"/>','http://feeds.wired.com/c/35185/f/661370/s/38542216/sc/10/l/0L0Swired0N0Cbusiness0C20A140C0A30Cnext0Ebig0Ething0Emissed0Ebionic0Elimbs0E3d0Eprinted0Eworlds0Ewar0Ewounded0C/story01.htm',1,NULL),(42,2,'GDC Day 1: Sony\'s Got a Secret PS4 Announcement','WIRED reports live on the future of videogames from Game Developers Conference in San Francisco.<img width=\'1\' height=\'1\' src=\'http://feeds.wired.com/c/35185/f/661370/s/3853ae7c/sc/27/mf.gif\' border=\'0\'/><br clear=\'all\'/><div class=\'mf-viral\'><table border=\'0\'><tr><td valign=\'middle\'><a href=\"http://share.feedsportal.com/share/twitter/?u=http%3A%2F%2Fwww.wired.com%2Fgamelife%2F2014%2F03%2Fgdc-day-1%2F&t=GDC+Day+1%3A+Sony%27s+Got+a+Secret+PS4+Announcement\" target=\"_blank\"><img src=\"http://res3.feedsportal.com/social/twitter.png\" border=\"0\" /></a>&nbsp;<a href=\"http://share.feedsportal.com/share/facebook/?u=http%3A%2F%2Fwww.wired.com%2Fgamelife%2F2014%2F03%2Fgdc-day-1%2F&t=GDC+Day+1%3A+Sony%27s+Got+a+Secret+PS4+Announcement\" target=\"_blank\"><img src=\"http://res3.feedsportal.com/social/facebook.png\" border=\"0\" /></a>&nbsp;<a href=\"http://share.feedsportal.com/share/linkedin/?u=http%3A%2F%2Fwww.wired.com%2Fgamelife%2F2014%2F03%2Fgdc-day-1%2F&t=GDC+Day+1%3A+Sony%27s+Got+a+Secret+PS4+Announcement\" target=\"_blank\"><img src=\"http://res3.feedsportal.com/social/linkedin.png\" border=\"0\" /></a>&nbsp;<a href=\"http://share.feedsportal.com/share/gplus/?u=http%3A%2F%2Fwww.wired.com%2Fgamelife%2F2014%2F03%2Fgdc-day-1%2F&t=GDC+Day+1%3A+Sony%27s+Got+a+Secret+PS4+Announcement\" target=\"_blank\"><img src=\"http://res3.feedsportal.com/social/googleplus.png\" border=\"0\" /></a>&nbsp;<a href=\"http://share.feedsportal.com/share/email/?u=http%3A%2F%2Fwww.wired.com%2Fgamelife%2F2014%2F03%2Fgdc-day-1%2F&t=GDC+Day+1%3A+Sony%27s+Got+a+Secret+PS4+Announcement\" target=\"_blank\"><img src=\"http://res3.feedsportal.com/social/email.png\" border=\"0\" /></a></td></tr></table></div><br/><br/><a href=\"http://da.feedsportal.com/r/191801356261/u/0/f/661370/c/35185/s/3853ae7c/sc/27/rc/1/rc.htm\" rel=\"nofollow\"><img src=\"http://da.feedsportal.com/r/191801356261/u/0/f/661370/c/35185/s/3853ae7c/sc/27/rc/1/rc.img\" border=\"0\"/></a><br/><a href=\"http://da.feedsportal.com/r/191801356261/u/0/f/661370/c/35185/s/3853ae7c/sc/27/rc/2/rc.htm\" rel=\"nofollow\"><img src=\"http://da.feedsportal.com/r/191801356261/u/0/f/661370/c/35185/s/3853ae7c/sc/27/rc/2/rc.img\" border=\"0\"/></a><br/><a href=\"http://da.feedsportal.com/r/191801356261/u/0/f/661370/c/35185/s/3853ae7c/sc/27/rc/3/rc.htm\" rel=\"nofollow\"><img src=\"http://da.feedsportal.com/r/191801356261/u/0/f/661370/c/35185/s/3853ae7c/sc/27/rc/3/rc.img\" border=\"0\"/></a><br/><br/><a href=\"http://da.feedsportal.com/r/191801356261/u/0/f/661370/c/35185/s/3853ae7c/a2.htm\"><img src=\"http://da.feedsportal.com/r/191801356261/u/0/f/661370/c/35185/s/3853ae7c/a2.img\" border=\"0\"/></a><img width=\"1\" height=\"1\" src=\"http://pi.feedsportal.com/r/191801356261/u/0/f/661370/c/35185/s/3853ae7c/a2t.img\" border=\"0\"/>','http://feeds.wired.com/c/35185/f/661370/s/3853ae7c/sc/27/l/0L0Swired0N0Cgamelife0C20A140C0A30Cgdc0Eday0E10C/story01.htm',1,NULL),(43,2,'You Can Take Selfies of Your Aorta With This Mini Camera','The images it produces are able to replace two people in the surgical theater.<img width=\'1\' height=\'1\' src=\'http://feeds.wired.com/c/35185/f/661370/s/3852dff7/sc/10/mf.gif\' border=\'0\'/><br clear=\'all\'/><div class=\'mf-viral\'><table border=\'0\'><tr><td valign=\'middle\'><a href=\"http://share.feedsportal.com/share/twitter/?u=http%3A%2F%2Fwww.wired.com%2Fdesign%2F2014%2F03%2Fmini-camera-takes-3-d-selfies-aorta%2F&t=You+Can+Take+Selfies+of+Your+Aorta+With+This+Mini+Camera\" target=\"_blank\"><img src=\"http://res3.feedsportal.com/social/twitter.png\" border=\"0\" /></a>&nbsp;<a href=\"http://share.feedsportal.com/share/facebook/?u=http%3A%2F%2Fwww.wired.com%2Fdesign%2F2014%2F03%2Fmini-camera-takes-3-d-selfies-aorta%2F&t=You+Can+Take+Selfies+of+Your+Aorta+With+This+Mini+Camera\" target=\"_blank\"><img src=\"http://res3.feedsportal.com/social/facebook.png\" border=\"0\" /></a>&nbsp;<a href=\"http://share.feedsportal.com/share/linkedin/?u=http%3A%2F%2Fwww.wired.com%2Fdesign%2F2014%2F03%2Fmini-camera-takes-3-d-selfies-aorta%2F&t=You+Can+Take+Selfies+of+Your+Aorta+With+This+Mini+Camera\" target=\"_blank\"><img src=\"http://res3.feedsportal.com/social/linkedin.png\" border=\"0\" /></a>&nbsp;<a href=\"http://share.feedsportal.com/share/gplus/?u=http%3A%2F%2Fwww.wired.com%2Fdesign%2F2014%2F03%2Fmini-camera-takes-3-d-selfies-aorta%2F&t=You+Can+Take+Selfies+of+Your+Aorta+With+This+Mini+Camera\" target=\"_blank\"><img src=\"http://res3.feedsportal.com/social/googleplus.png\" border=\"0\" /></a>&nbsp;<a href=\"http://share.feedsportal.com/share/email/?u=http%3A%2F%2Fwww.wired.com%2Fdesign%2F2014%2F03%2Fmini-camera-takes-3-d-selfies-aorta%2F&t=You+Can+Take+Selfies+of+Your+Aorta+With+This+Mini+Camera\" target=\"_blank\"><img src=\"http://res3.feedsportal.com/social/email.png\" border=\"0\" /></a></td></tr></table></div><br/><br/><a href=\"http://da.feedsportal.com/r/191801550659/u/0/f/661370/c/35185/s/3852dff7/sc/10/rc/1/rc.htm\"><img src=\"http://da.feedsportal.com/r/191801550659/u/0/f/661370/c/35185/s/3852dff7/sc/10/rc/1/rc.img\" border=\"0\"/></a><br/><a href=\"http://da.feedsportal.com/r/191801550659/u/0/f/661370/c/35185/s/3852dff7/sc/10/rc/2/rc.htm\"><img src=\"http://da.feedsportal.com/r/191801550659/u/0/f/661370/c/35185/s/3852dff7/sc/10/rc/2/rc.img\" border=\"0\"/></a><br/><a href=\"http://da.feedsportal.com/r/191801550659/u/0/f/661370/c/35185/s/3852dff7/sc/10/rc/3/rc.htm\"><img src=\"http://da.feedsportal.com/r/191801550659/u/0/f/661370/c/35185/s/3852dff7/sc/10/rc/3/rc.img\" border=\"0\"/></a><br/><br/><a href=\"http://da.feedsportal.com/r/191801550659/u/0/f/661370/c/35185/s/3852dff7/a2.htm\"><img src=\"http://da.feedsportal.com/r/191801550659/u/0/f/661370/c/35185/s/3852dff7/a2.img\" border=\"0\"/></a><img width=\"1\" height=\"1\" src=\"http://pi.feedsportal.com/r/191801550659/u/0/f/661370/c/35185/s/3852dff7/a2t.img\" border=\"0\"/>','http://feeds.wired.com/c/35185/f/661370/s/3852dff7/sc/10/l/0L0Swired0N0Cdesign0C20A140C0A30Cmini0Ecamera0Etakes0E30Ed0Eselfies0Eaorta0C/story01.htm',1,NULL),(44,2,'People Who Use E-Readers Dive Far Deeper Into Books','Digital publishing is rapidly becoming a haven for struggling writers&mdash;but it turns out the format might hold similar potential for struggling readers too.<img width=\'1\' height=\'1\' src=\'http://feeds.wired.com/c/35185/f/661370/s/38525e20/sc/38/mf.gif\' border=\'0\'/><br clear=\'all\'/><div class=\'mf-viral\'><table border=\'0\'><tr><td valign=\'middle\'><a href=\"http://share.feedsportal.com/share/twitter/?u=http%3A%2F%2Fwww.wired.com%2Funderwire%2F2014%2F03%2Febooks-read-more%2F&t=People+Who+Use+E-Readers+Dive+Far+Deeper+Into+Books\" target=\"_blank\"><img src=\"http://res3.feedsportal.com/social/twitter.png\" border=\"0\" /></a>&nbsp;<a href=\"http://share.feedsportal.com/share/facebook/?u=http%3A%2F%2Fwww.wired.com%2Funderwire%2F2014%2F03%2Febooks-read-more%2F&t=People+Who+Use+E-Readers+Dive+Far+Deeper+Into+Books\" target=\"_blank\"><img src=\"http://res3.feedsportal.com/social/facebook.png\" border=\"0\" /></a>&nbsp;<a href=\"http://share.feedsportal.com/share/linkedin/?u=http%3A%2F%2Fwww.wired.com%2Funderwire%2F2014%2F03%2Febooks-read-more%2F&t=People+Who+Use+E-Readers+Dive+Far+Deeper+Into+Books\" target=\"_blank\"><img src=\"http://res3.feedsportal.com/social/linkedin.png\" border=\"0\" /></a>&nbsp;<a href=\"http://share.feedsportal.com/share/gplus/?u=http%3A%2F%2Fwww.wired.com%2Funderwire%2F2014%2F03%2Febooks-read-more%2F&t=People+Who+Use+E-Readers+Dive+Far+Deeper+Into+Books\" target=\"_blank\"><img src=\"http://res3.feedsportal.com/social/googleplus.png\" border=\"0\" /></a>&nbsp;<a href=\"http://share.feedsportal.com/share/email/?u=http%3A%2F%2Fwww.wired.com%2Funderwire%2F2014%2F03%2Febooks-read-more%2F&t=People+Who+Use+E-Readers+Dive+Far+Deeper+Into+Books\" target=\"_blank\"><img src=\"http://res3.feedsportal.com/social/email.png\" border=\"0\" /></a></td></tr></table></div><br/><br/><a href=\"http://da.feedsportal.com/r/191801350964/u/0/f/661370/c/35185/s/38525e20/sc/38/rc/1/rc.htm\"><img src=\"http://da.feedsportal.com/r/191801350964/u/0/f/661370/c/35185/s/38525e20/sc/38/rc/1/rc.img\" border=\"0\"/></a><br/><a href=\"http://da.feedsportal.com/r/191801350964/u/0/f/661370/c/35185/s/38525e20/sc/38/rc/2/rc.htm\"><img src=\"http://da.feedsportal.com/r/191801350964/u/0/f/661370/c/35185/s/38525e20/sc/38/rc/2/rc.img\" border=\"0\"/></a><br/><a href=\"http://da.feedsportal.com/r/191801350964/u/0/f/661370/c/35185/s/38525e20/sc/38/rc/3/rc.htm\"><img src=\"http://da.feedsportal.com/r/191801350964/u/0/f/661370/c/35185/s/38525e20/sc/38/rc/3/rc.img\" border=\"0\"/></a><br/><br/><a href=\"http://da.feedsportal.com/r/191801350964/u/0/f/661370/c/35185/s/38525e20/a2.htm\"><img src=\"http://da.feedsportal.com/r/191801350964/u/0/f/661370/c/35185/s/38525e20/a2.img\" border=\"0\"/></a><img width=\"1\" height=\"1\" src=\"http://pi.feedsportal.com/r/191801350964/u/0/f/661370/c/35185/s/38525e20/a2t.img\" border=\"0\"/>','http://feeds.wired.com/c/35185/f/661370/s/38525e20/sc/38/l/0L0Swired0N0Cunderwire0C20A140C0A30Cebooks0Eread0Emore0C/story01.htm',1,NULL),(45,2,'Two Superb Bluetooth Speakers Go Head to Head','The big advantage of wireless speakers is that you can take them anywhere. Which of these you choose depends on how rowdy you want to get when you arrive.<img width=\'1\' height=\'1\' src=\'http://feeds.wired.com/c/35185/f/661370/s/3854a1f7/sc/4/mf.gif\' border=\'0\'/><br clear=\'all\'/><div class=\'mf-viral\'><table border=\'0\'><tr><td valign=\'middle\'><a href=\"http://share.feedsportal.com/share/twitter/?u=http%3A%2F%2Fwww.wired.com%2Fgadgetlab%2F2014%2F03%2Fh2h_boomjam%2F&t=Two+Superb+Bluetooth+Speakers+Go+Head+to+Head\" target=\"_blank\"><img src=\"http://res3.feedsportal.com/social/twitter.png\" border=\"0\" /></a>&nbsp;<a href=\"http://share.feedsportal.com/share/facebook/?u=http%3A%2F%2Fwww.wired.com%2Fgadgetlab%2F2014%2F03%2Fh2h_boomjam%2F&t=Two+Superb+Bluetooth+Speakers+Go+Head+to+Head\" target=\"_blank\"><img src=\"http://res3.feedsportal.com/social/facebook.png\" border=\"0\" /></a>&nbsp;<a href=\"http://share.feedsportal.com/share/linkedin/?u=http%3A%2F%2Fwww.wired.com%2Fgadgetlab%2F2014%2F03%2Fh2h_boomjam%2F&t=Two+Superb+Bluetooth+Speakers+Go+Head+to+Head\" target=\"_blank\"><img src=\"http://res3.feedsportal.com/social/linkedin.png\" border=\"0\" /></a>&nbsp;<a href=\"http://share.feedsportal.com/share/gplus/?u=http%3A%2F%2Fwww.wired.com%2Fgadgetlab%2F2014%2F03%2Fh2h_boomjam%2F&t=Two+Superb+Bluetooth+Speakers+Go+Head+to+Head\" target=\"_blank\"><img src=\"http://res3.feedsportal.com/social/googleplus.png\" border=\"0\" /></a>&nbsp;<a href=\"http://share.feedsportal.com/share/email/?u=http%3A%2F%2Fwww.wired.com%2Fgadgetlab%2F2014%2F03%2Fh2h_boomjam%2F&t=Two+Superb+Bluetooth+Speakers+Go+Head+to+Head\" target=\"_blank\"><img src=\"http://res3.feedsportal.com/social/email.png\" border=\"0\" /></a></td></tr></table></div>','http://feeds.wired.com/c/35185/f/661370/s/3854a1f7/sc/4/l/0L0Swired0N0Cgadgetlab0C20A140C0A30Ch2h0Iboomjam0C/story01.htm',1,NULL),(46,2,'These Deformed, Dancing Letters Were Designed in Code','This is what happens when the alphabet falls apart.<img width=\'1\' height=\'1\' src=\'http://feeds.wired.com/c/35185/f/661370/s/38519113/sc/4/mf.gif\' border=\'0\'/><br clear=\'all\'/><div class=\'mf-viral\'><table border=\'0\'><tr><td valign=\'middle\'><a href=\"http://share.feedsportal.com/share/twitter/?u=http%3A%2F%2Fwww.wired.com%2Fdesign%2F2014%2F03%2Fdeformed-dancing-letters-create-absurd-video-installation%2F&t=These+Deformed%2C+Dancing+Letters+Were+Designed+in+Code\" target=\"_blank\"><img src=\"http://res3.feedsportal.com/social/twitter.png\" border=\"0\" /></a>&nbsp;<a href=\"http://share.feedsportal.com/share/facebook/?u=http%3A%2F%2Fwww.wired.com%2Fdesign%2F2014%2F03%2Fdeformed-dancing-letters-create-absurd-video-installation%2F&t=These+Deformed%2C+Dancing+Letters+Were+Designed+in+Code\" target=\"_blank\"><img src=\"http://res3.feedsportal.com/social/facebook.png\" border=\"0\" /></a>&nbsp;<a href=\"http://share.feedsportal.com/share/linkedin/?u=http%3A%2F%2Fwww.wired.com%2Fdesign%2F2014%2F03%2Fdeformed-dancing-letters-create-absurd-video-installation%2F&t=These+Deformed%2C+Dancing+Letters+Were+Designed+in+Code\" target=\"_blank\"><img src=\"http://res3.feedsportal.com/social/linkedin.png\" border=\"0\" /></a>&nbsp;<a href=\"http://share.feedsportal.com/share/gplus/?u=http%3A%2F%2Fwww.wired.com%2Fdesign%2F2014%2F03%2Fdeformed-dancing-letters-create-absurd-video-installation%2F&t=These+Deformed%2C+Dancing+Letters+Were+Designed+in+Code\" target=\"_blank\"><img src=\"http://res3.feedsportal.com/social/googleplus.png\" border=\"0\" /></a>&nbsp;<a href=\"http://share.feedsportal.com/share/email/?u=http%3A%2F%2Fwww.wired.com%2Fdesign%2F2014%2F03%2Fdeformed-dancing-letters-create-absurd-video-installation%2F&t=These+Deformed%2C+Dancing+Letters+Were+Designed+in+Code\" target=\"_blank\"><img src=\"http://res3.feedsportal.com/social/email.png\" border=\"0\" /></a></td></tr></table></div><br/><br/><a href=\"http://da.feedsportal.com/r/191801451421/u/0/f/661370/c/35185/s/38519113/sc/4/rc/1/rc.htm\"><img src=\"http://da.feedsportal.com/r/191801451421/u/0/f/661370/c/35185/s/38519113/sc/4/rc/1/rc.img\" border=\"0\"/></a><br/><a href=\"http://da.feedsportal.com/r/191801451421/u/0/f/661370/c/35185/s/38519113/sc/4/rc/2/rc.htm\"><img src=\"http://da.feedsportal.com/r/191801451421/u/0/f/661370/c/35185/s/38519113/sc/4/rc/2/rc.img\" border=\"0\"/></a><br/><a href=\"http://da.feedsportal.com/r/191801451421/u/0/f/661370/c/35185/s/38519113/sc/4/rc/3/rc.htm\"><img src=\"http://da.feedsportal.com/r/191801451421/u/0/f/661370/c/35185/s/38519113/sc/4/rc/3/rc.img\" border=\"0\"/></a><br/><br/><a href=\"http://da.feedsportal.com/r/191801451421/u/0/f/661370/c/35185/s/38519113/a2.htm\"><img src=\"http://da.feedsportal.com/r/191801451421/u/0/f/661370/c/35185/s/38519113/a2.img\" border=\"0\"/></a><img width=\"1\" height=\"1\" src=\"http://pi.feedsportal.com/r/191801451421/u/0/f/661370/c/35185/s/38519113/a2t.img\" border=\"0\"/>','http://feeds.wired.com/c/35185/f/661370/s/38519113/sc/4/l/0L0Swired0N0Cdesign0C20A140C0A30Cdeformed0Edancing0Eletters0Ecreate0Eabsurd0Evideo0Einstallation0C/story01.htm',1,NULL),(47,2,'The Narwhal\'s Tusk Is Filled With Nerves. But Why?','For centuries, the purpose of a narwhal\'s tusk has eluded explanation. Now, researchers suggest that these small whales use their tusks as sensory organs and speculate that sensing changes in seawater salinity might help male narwhals stay safe, and locate fish or females.<img width=\'1\' height=\'1\' src=\'http://feeds.wired.com/c/35185/f/661370/s/384f61f6/sc/10/mf.gif\' border=\'0\'/><br clear=\'all\'/><div class=\'mf-viral\'><table border=\'0\'><tr><td valign=\'middle\'><a href=\"http://share.feedsportal.com/share/twitter/?u=http%3A%2F%2Fwww.wired.com%2Fwiredscience%2F2014%2F03%2Fnarwhal-tusks-enormous-sensory-organs%2F&t=The+Narwhal%27s+Tusk+Is+Filled+With+Nerves.+But+Why%3F\" target=\"_blank\"><img src=\"http://res3.feedsportal.com/social/twitter.png\" border=\"0\" /></a>&nbsp;<a href=\"http://share.feedsportal.com/share/facebook/?u=http%3A%2F%2Fwww.wired.com%2Fwiredscience%2F2014%2F03%2Fnarwhal-tusks-enormous-sensory-organs%2F&t=The+Narwhal%27s+Tusk+Is+Filled+With+Nerves.+But+Why%3F\" target=\"_blank\"><img src=\"http://res3.feedsportal.com/social/facebook.png\" border=\"0\" /></a>&nbsp;<a href=\"http://share.feedsportal.com/share/linkedin/?u=http%3A%2F%2Fwww.wired.com%2Fwiredscience%2F2014%2F03%2Fnarwhal-tusks-enormous-sensory-organs%2F&t=The+Narwhal%27s+Tusk+Is+Filled+With+Nerves.+But+Why%3F\" target=\"_blank\"><img src=\"http://res3.feedsportal.com/social/linkedin.png\" border=\"0\" /></a>&nbsp;<a href=\"http://share.feedsportal.com/share/gplus/?u=http%3A%2F%2Fwww.wired.com%2Fwiredscience%2F2014%2F03%2Fnarwhal-tusks-enormous-sensory-organs%2F&t=The+Narwhal%27s+Tusk+Is+Filled+With+Nerves.+But+Why%3F\" target=\"_blank\"><img src=\"http://res3.feedsportal.com/social/googleplus.png\" border=\"0\" /></a>&nbsp;<a href=\"http://share.feedsportal.com/share/email/?u=http%3A%2F%2Fwww.wired.com%2Fwiredscience%2F2014%2F03%2Fnarwhal-tusks-enormous-sensory-organs%2F&t=The+Narwhal%27s+Tusk+Is+Filled+With+Nerves.+But+Why%3F\" target=\"_blank\"><img src=\"http://res3.feedsportal.com/social/email.png\" border=\"0\" /></a></td></tr></table></div><br/><br/><a href=\"http://da.feedsportal.com/r/191801702654/u/0/f/661370/c/35185/s/384f61f6/sc/10/rc/1/rc.htm\"><img src=\"http://da.feedsportal.com/r/191801702654/u/0/f/661370/c/35185/s/384f61f6/sc/10/rc/1/rc.img\" border=\"0\"/></a><br/><a href=\"http://da.feedsportal.com/r/191801702654/u/0/f/661370/c/35185/s/384f61f6/sc/10/rc/2/rc.htm\"><img src=\"http://da.feedsportal.com/r/191801702654/u/0/f/661370/c/35185/s/384f61f6/sc/10/rc/2/rc.img\" border=\"0\"/></a><br/><a href=\"http://da.feedsportal.com/r/191801702654/u/0/f/661370/c/35185/s/384f61f6/sc/10/rc/3/rc.htm\"><img src=\"http://da.feedsportal.com/r/191801702654/u/0/f/661370/c/35185/s/384f61f6/sc/10/rc/3/rc.img\" border=\"0\"/></a><br/><br/><a href=\"http://da.feedsportal.com/r/191801702654/u/0/f/661370/c/35185/s/384f61f6/a2.htm\"><img src=\"http://da.feedsportal.com/r/191801702654/u/0/f/661370/c/35185/s/384f61f6/a2.img\" border=\"0\"/></a><img width=\"1\" height=\"1\" src=\"http://pi.feedsportal.com/r/191801702654/u/0/f/661370/c/35185/s/384f61f6/a2t.img\" border=\"0\"/>','http://feeds.wired.com/c/35185/f/661370/s/384f61f6/sc/10/l/0L0Swired0N0Cwiredscience0C20A140C0A30Cnarwhal0Etusks0Eenormous0Esensory0Eorgans0C/story01.htm',1,NULL),(48,2,'All the Great TV You Should Catch Up on This Week','It\'s impossible to keep up with everything happening on television these days. We\'re here to help. Check out some of the best moments you might have missed last week right here.<img width=\'1\' height=\'1\' src=\'http://feeds.wired.com/c/35185/f/661370/s/384f61f5/sc/10/mf.gif\' border=\'0\'/><br clear=\'all\'/><div class=\'mf-viral\'><table border=\'0\'><tr><td valign=\'middle\'><a href=\"http://share.feedsportal.com/share/twitter/?u=http%3A%2F%2Fwww.wired.com%2Funderwire%2F2014%2F03%2Fbest-week-tv-2%2F&t=All+the+Great+TV+You+Should+Catch+Up+on+This+Week\" target=\"_blank\"><img src=\"http://res3.feedsportal.com/social/twitter.png\" border=\"0\" /></a>&nbsp;<a href=\"http://share.feedsportal.com/share/facebook/?u=http%3A%2F%2Fwww.wired.com%2Funderwire%2F2014%2F03%2Fbest-week-tv-2%2F&t=All+the+Great+TV+You+Should+Catch+Up+on+This+Week\" target=\"_blank\"><img src=\"http://res3.feedsportal.com/social/facebook.png\" border=\"0\" /></a>&nbsp;<a href=\"http://share.feedsportal.com/share/linkedin/?u=http%3A%2F%2Fwww.wired.com%2Funderwire%2F2014%2F03%2Fbest-week-tv-2%2F&t=All+the+Great+TV+You+Should+Catch+Up+on+This+Week\" target=\"_blank\"><img src=\"http://res3.feedsportal.com/social/linkedin.png\" border=\"0\" /></a>&nbsp;<a href=\"http://share.feedsportal.com/share/gplus/?u=http%3A%2F%2Fwww.wired.com%2Funderwire%2F2014%2F03%2Fbest-week-tv-2%2F&t=All+the+Great+TV+You+Should+Catch+Up+on+This+Week\" target=\"_blank\"><img src=\"http://res3.feedsportal.com/social/googleplus.png\" border=\"0\" /></a>&nbsp;<a href=\"http://share.feedsportal.com/share/email/?u=http%3A%2F%2Fwww.wired.com%2Funderwire%2F2014%2F03%2Fbest-week-tv-2%2F&t=All+the+Great+TV+You+Should+Catch+Up+on+This+Week\" target=\"_blank\"><img src=\"http://res3.feedsportal.com/social/email.png\" border=\"0\" /></a></td></tr></table></div><br/><br/><a href=\"http://da.feedsportal.com/r/191801702653/u/0/f/661370/c/35185/s/384f61f5/sc/10/rc/1/rc.htm\"><img src=\"http://da.feedsportal.com/r/191801702653/u/0/f/661370/c/35185/s/384f61f5/sc/10/rc/1/rc.img\" border=\"0\"/></a><br/><a href=\"http://da.feedsportal.com/r/191801702653/u/0/f/661370/c/35185/s/384f61f5/sc/10/rc/2/rc.htm\"><img src=\"http://da.feedsportal.com/r/191801702653/u/0/f/661370/c/35185/s/384f61f5/sc/10/rc/2/rc.img\" border=\"0\"/></a><br/><a href=\"http://da.feedsportal.com/r/191801702653/u/0/f/661370/c/35185/s/384f61f5/sc/10/rc/3/rc.htm\"><img src=\"http://da.feedsportal.com/r/191801702653/u/0/f/661370/c/35185/s/384f61f5/sc/10/rc/3/rc.img\" border=\"0\"/></a><br/><br/><a href=\"http://da.feedsportal.com/r/191801702653/u/0/f/661370/c/35185/s/384f61f5/a2.htm\"><img src=\"http://da.feedsportal.com/r/191801702653/u/0/f/661370/c/35185/s/384f61f5/a2.img\" border=\"0\"/></a><img width=\"1\" height=\"1\" src=\"http://pi.feedsportal.com/r/191801702653/u/0/f/661370/c/35185/s/384f61f5/a2t.img\" border=\"0\"/>','http://feeds.wired.com/c/35185/f/661370/s/384f61f5/sc/10/l/0L0Swired0N0Cunderwire0C20A140C0A30Cbest0Eweek0Etv0E20C/story01.htm',1,NULL),(49,2,'Brilliant Bike Glows Like the Sun When Headlights Hit It','Dying to be seen on your bike at night? Here\'s a bright idea that turns not just the rider, but the entire ride, into one big glowing HEY! on the road.<img width=\'1\' height=\'1\' src=\'http://feeds.wired.com/c/35185/f/661370/s/384f61f4/sc/10/mf.gif\' border=\'0\'/><br clear=\'all\'/><div class=\'mf-viral\'><table border=\'0\'><tr><td valign=\'middle\'><a href=\"http://share.feedsportal.com/share/twitter/?u=http%3A%2F%2Fwww.wired.com%2Fgadgetlab%2F2014%2F03%2Flumen-bike%2F&t=Brilliant+Bike+Glows+Like+the+Sun+When+Headlights+Hit+It\" target=\"_blank\"><img src=\"http://res3.feedsportal.com/social/twitter.png\" border=\"0\" /></a>&nbsp;<a href=\"http://share.feedsportal.com/share/facebook/?u=http%3A%2F%2Fwww.wired.com%2Fgadgetlab%2F2014%2F03%2Flumen-bike%2F&t=Brilliant+Bike+Glows+Like+the+Sun+When+Headlights+Hit+It\" target=\"_blank\"><img src=\"http://res3.feedsportal.com/social/facebook.png\" border=\"0\" /></a>&nbsp;<a href=\"http://share.feedsportal.com/share/linkedin/?u=http%3A%2F%2Fwww.wired.com%2Fgadgetlab%2F2014%2F03%2Flumen-bike%2F&t=Brilliant+Bike+Glows+Like+the+Sun+When+Headlights+Hit+It\" target=\"_blank\"><img src=\"http://res3.feedsportal.com/social/linkedin.png\" border=\"0\" /></a>&nbsp;<a href=\"http://share.feedsportal.com/share/gplus/?u=http%3A%2F%2Fwww.wired.com%2Fgadgetlab%2F2014%2F03%2Flumen-bike%2F&t=Brilliant+Bike+Glows+Like+the+Sun+When+Headlights+Hit+It\" target=\"_blank\"><img src=\"http://res3.feedsportal.com/social/googleplus.png\" border=\"0\" /></a>&nbsp;<a href=\"http://share.feedsportal.com/share/email/?u=http%3A%2F%2Fwww.wired.com%2Fgadgetlab%2F2014%2F03%2Flumen-bike%2F&t=Brilliant+Bike+Glows+Like+the+Sun+When+Headlights+Hit+It\" target=\"_blank\"><img src=\"http://res3.feedsportal.com/social/email.png\" border=\"0\" /></a></td></tr></table></div><br/><br/><a href=\"http://da.feedsportal.com/r/191801702652/u/0/f/661370/c/35185/s/384f61f4/sc/10/rc/1/rc.htm\"><img src=\"http://da.feedsportal.com/r/191801702652/u/0/f/661370/c/35185/s/384f61f4/sc/10/rc/1/rc.img\" border=\"0\"/></a><br/><a href=\"http://da.feedsportal.com/r/191801702652/u/0/f/661370/c/35185/s/384f61f4/sc/10/rc/2/rc.htm\"><img src=\"http://da.feedsportal.com/r/191801702652/u/0/f/661370/c/35185/s/384f61f4/sc/10/rc/2/rc.img\" border=\"0\"/></a><br/><a href=\"http://da.feedsportal.com/r/191801702652/u/0/f/661370/c/35185/s/384f61f4/sc/10/rc/3/rc.htm\"><img src=\"http://da.feedsportal.com/r/191801702652/u/0/f/661370/c/35185/s/384f61f4/sc/10/rc/3/rc.img\" border=\"0\"/></a><br/><br/><a href=\"http://da.feedsportal.com/r/191801702652/u/0/f/661370/c/35185/s/384f61f4/a2.htm\"><img src=\"http://da.feedsportal.com/r/191801702652/u/0/f/661370/c/35185/s/384f61f4/a2.img\" border=\"0\"/></a><img width=\"1\" height=\"1\" src=\"http://pi.feedsportal.com/r/191801702652/u/0/f/661370/c/35185/s/384f61f4/a2t.img\" border=\"0\"/>','http://feeds.wired.com/c/35185/f/661370/s/384f61f4/sc/10/l/0L0Swired0N0Cgadgetlab0C20A140C0A30Clumen0Ebike0C/story01.htm',1,NULL),(50,2,'Kill the DRM in Your Old iTunes Music Purchases','If you bought music on iTunes between 2003 and 2009, there\'s a good chance these songs are still crippled DRM. Here\'s how to set them free.<img width=\'1\' height=\'1\' src=\'http://feeds.wired.com/c/35185/f/661370/s/384f61f3/sc/38/mf.gif\' border=\'0\'/><br clear=\'all\'/><div class=\'mf-viral\'><table border=\'0\'><tr><td valign=\'middle\'><a href=\"http://share.feedsportal.com/share/twitter/?u=http%3A%2F%2Fwww.wired.com%2Fgadgetlab%2F2014%2F03%2Fkill-itunes-drm%2F&t=Kill+the+DRM+in+Your+Old+iTunes+Music+Purchases\" target=\"_blank\"><img src=\"http://res3.feedsportal.com/social/twitter.png\" border=\"0\" /></a>&nbsp;<a href=\"http://share.feedsportal.com/share/facebook/?u=http%3A%2F%2Fwww.wired.com%2Fgadgetlab%2F2014%2F03%2Fkill-itunes-drm%2F&t=Kill+the+DRM+in+Your+Old+iTunes+Music+Purchases\" target=\"_blank\"><img src=\"http://res3.feedsportal.com/social/facebook.png\" border=\"0\" /></a>&nbsp;<a href=\"http://share.feedsportal.com/share/linkedin/?u=http%3A%2F%2Fwww.wired.com%2Fgadgetlab%2F2014%2F03%2Fkill-itunes-drm%2F&t=Kill+the+DRM+in+Your+Old+iTunes+Music+Purchases\" target=\"_blank\"><img src=\"http://res3.feedsportal.com/social/linkedin.png\" border=\"0\" /></a>&nbsp;<a href=\"http://share.feedsportal.com/share/gplus/?u=http%3A%2F%2Fwww.wired.com%2Fgadgetlab%2F2014%2F03%2Fkill-itunes-drm%2F&t=Kill+the+DRM+in+Your+Old+iTunes+Music+Purchases\" target=\"_blank\"><img src=\"http://res3.feedsportal.com/social/googleplus.png\" border=\"0\" /></a>&nbsp;<a href=\"http://share.feedsportal.com/share/email/?u=http%3A%2F%2Fwww.wired.com%2Fgadgetlab%2F2014%2F03%2Fkill-itunes-drm%2F&t=Kill+the+DRM+in+Your+Old+iTunes+Music+Purchases\" target=\"_blank\"><img src=\"http://res3.feedsportal.com/social/email.png\" border=\"0\" /></a></td></tr></table></div><br/><br/><a href=\"http://da.feedsportal.com/r/191801702651/u/0/f/661370/c/35185/s/384f61f3/sc/38/rc/1/rc.htm\"><img src=\"http://da.feedsportal.com/r/191801702651/u/0/f/661370/c/35185/s/384f61f3/sc/38/rc/1/rc.img\" border=\"0\"/></a><br/><a href=\"http://da.feedsportal.com/r/191801702651/u/0/f/661370/c/35185/s/384f61f3/sc/38/rc/2/rc.htm\"><img src=\"http://da.feedsportal.com/r/191801702651/u/0/f/661370/c/35185/s/384f61f3/sc/38/rc/2/rc.img\" border=\"0\"/></a><br/><a href=\"http://da.feedsportal.com/r/191801702651/u/0/f/661370/c/35185/s/384f61f3/sc/38/rc/3/rc.htm\"><img src=\"http://da.feedsportal.com/r/191801702651/u/0/f/661370/c/35185/s/384f61f3/sc/38/rc/3/rc.img\" border=\"0\"/></a><br/><br/><a href=\"http://da.feedsportal.com/r/191801702651/u/0/f/661370/c/35185/s/384f61f3/a2.htm\"><img src=\"http://da.feedsportal.com/r/191801702651/u/0/f/661370/c/35185/s/384f61f3/a2.img\" border=\"0\"/></a><img width=\"1\" height=\"1\" src=\"http://pi.feedsportal.com/r/191801702651/u/0/f/661370/c/35185/s/384f61f3/a2t.img\" border=\"0\"/>','http://feeds.wired.com/c/35185/f/661370/s/384f61f3/sc/38/l/0L0Swired0N0Cgadgetlab0C20A140C0A30Ckill0Eitunes0Edrm0C/story01.htm',1,NULL);
/*!40000 ALTER TABLE `article` ENABLE KEYS */;
UNLOCK TABLES;

--
-- Table structure for table `content`
--

DROP TABLE IF EXISTS `content`;
/*!40101 SET @saved_cs_client     = @@character_set_client */;
/*!40101 SET character_set_client = utf8 */;
CREATE TABLE `content` (
  `id` int(11) unsigned NOT NULL AUTO_INCREMENT,
  `block_id` int(11) NOT NULL,
  `content` text NOT NULL,
  `status` int(1) NOT NULL,
  PRIMARY KEY (`id`),
  KEY `block_id` (`block_id`)
) ENGINE=InnoDB DEFAULT CHARSET=utf8;
/*!40101 SET character_set_client = @saved_cs_client */;

--
-- Dumping data for table `content`
--

LOCK TABLES `content` WRITE;
/*!40000 ALTER TABLE `content` DISABLE KEYS */;
/*!40000 ALTER TABLE `content` ENABLE KEYS */;
UNLOCK TABLES;

--
-- Table structure for table `email_confirmations`
--

DROP TABLE IF EXISTS `email_confirmations`;
/*!40101 SET @saved_cs_client     = @@character_set_client */;
/*!40101 SET character_set_client = utf8 */;
CREATE TABLE `email_confirmations` (
  `id` int(10) unsigned NOT NULL AUTO_INCREMENT,
  `usersId` int(10) unsigned NOT NULL,
  `code` char(32) NOT NULL,
  `createdAt` int(10) unsigned NOT NULL,
  `modifiedAt` int(10) unsigned DEFAULT NULL,
  `confirmed` char(1) DEFAULT 'N',
  PRIMARY KEY (`id`)
) ENGINE=InnoDB AUTO_INCREMENT=10 DEFAULT CHARSET=utf8;
/*!40101 SET character_set_client = @saved_cs_client */;

--
-- Dumping data for table `email_confirmations`
--

LOCK TABLES `email_confirmations` WRITE;
/*!40000 ALTER TABLE `email_confirmations` DISABLE KEYS */;
INSERT INTO `email_confirmations` VALUES (1,5,'izEApJSQS4vWgHloLCUX1Eg3K7zcBmJr',1419260034,NULL,'N'),(2,6,'xJfA3zyFSye4tLbCQJhNA33SF12X',1419260397,NULL,'N'),(3,7,'C628Zn8VdMDwOO0Jyd3v9kuw5SupfYr1',1419260710,NULL,'N'),(4,8,'X9XTtC6LCPiylnk0nxFwFqz5p9tMlJkT',1419260938,NULL,'N'),(5,9,'o2BUrSRTnCmRMvySmrZrZtbl3WnPu',1419260965,NULL,'N'),(6,10,'Ov7EcUY9CFCvaY5KfdGIuRITZmZK',1419261010,NULL,'N'),(7,11,'WKkbx9qwQgSrtx5SgNOgwp2iGWy2pZS9',1419261094,NULL,'N'),(8,12,'ALAQh8CX7g0DZOTECeUyVorVsaTc0EUf',1419261122,NULL,'N'),(9,13,'TSv0dPdzt3WHPCweMihCKWneynJzhI',1419261360,1419261392,'Y');
/*!40000 ALTER TABLE `email_confirmations` ENABLE KEYS */;
UNLOCK TABLES;

--
-- Table structure for table `failed_logins`
--

DROP TABLE IF EXISTS `failed_logins`;
/*!40101 SET @saved_cs_client     = @@character_set_client */;
/*!40101 SET character_set_client = utf8 */;
CREATE TABLE `failed_logins` (
  `id` int(10) unsigned NOT NULL AUTO_INCREMENT,
  `usersId` int(10) unsigned DEFAULT NULL,
  `ipAddress` char(15) NOT NULL,
  `attempted` smallint(5) unsigned NOT NULL,
  PRIMARY KEY (`id`),
  KEY `usersId` (`usersId`)
) ENGINE=InnoDB DEFAULT CHARSET=utf8;
/*!40101 SET character_set_client = @saved_cs_client */;

--
-- Dumping data for table `failed_logins`
--

LOCK TABLES `failed_logins` WRITE;
/*!40000 ALTER TABLE `failed_logins` DISABLE KEYS */;
/*!40000 ALTER TABLE `failed_logins` ENABLE KEYS */;
UNLOCK TABLES;

--
-- Table structure for table `import`
--

DROP TABLE IF EXISTS `import`;
/*!40101 SET @saved_cs_client     = @@character_set_client */;
/*!40101 SET character_set_client = utf8 */;
CREATE TABLE `import` (
  `id` int(11) unsigned NOT NULL AUTO_INCREMENT,
  `source_id` int(11) NOT NULL,
  `last_article_id` int(11) NOT NULL,
  PRIMARY KEY (`id`),
  KEY `source_id` (`source_id`),
  KEY `last_article_id` (`last_article_id`)
) ENGINE=InnoDB DEFAULT CHARSET=utf8;
/*!40101 SET character_set_client = @saved_cs_client */;

--
-- Dumping data for table `import`
--

LOCK TABLES `import` WRITE;
/*!40000 ALTER TABLE `import` DISABLE KEYS */;
/*!40000 ALTER TABLE `import` ENABLE KEYS */;
UNLOCK TABLES;

--
-- Table structure for table `password_changes`
--

DROP TABLE IF EXISTS `password_changes`;
/*!40101 SET @saved_cs_client     = @@character_set_client */;
/*!40101 SET character_set_client = utf8 */;
CREATE TABLE `password_changes` (
  `id` int(10) unsigned NOT NULL AUTO_INCREMENT,
  `usersId` int(10) unsigned NOT NULL,
  `ipAddress` char(15) NOT NULL,
  `userAgent` varchar(48) NOT NULL,
  `createdAt` int(10) unsigned NOT NULL,
  PRIMARY KEY (`id`),
  KEY `usersId` (`usersId`)
) ENGINE=InnoDB DEFAULT CHARSET=utf8;
/*!40101 SET character_set_client = @saved_cs_client */;

--
-- Dumping data for table `password_changes`
--

LOCK TABLES `password_changes` WRITE;
/*!40000 ALTER TABLE `password_changes` DISABLE KEYS */;
/*!40000 ALTER TABLE `password_changes` ENABLE KEYS */;
UNLOCK TABLES;

--
-- Table structure for table `permissions`
--

DROP TABLE IF EXISTS `permissions`;
/*!40101 SET @saved_cs_client     = @@character_set_client */;
/*!40101 SET character_set_client = utf8 */;
CREATE TABLE `permissions` (
  `id` int(10) unsigned NOT NULL AUTO_INCREMENT,
  `profilesId` int(10) unsigned NOT NULL,
  `resource` varchar(16) NOT NULL,
  `action` varchar(16) NOT NULL,
  PRIMARY KEY (`id`),
  KEY `profilesId` (`profilesId`)
) ENGINE=InnoDB AUTO_INCREMENT=23 DEFAULT CHARSET=utf8;
/*!40101 SET character_set_client = @saved_cs_client */;

--
-- Dumping data for table `permissions`
--

LOCK TABLES `permissions` WRITE;
/*!40000 ALTER TABLE `permissions` DISABLE KEYS */;
INSERT INTO `permissions` VALUES (1,3,'users','index'),(2,3,'users','search'),(3,3,'profiles','index'),(4,3,'profiles','search'),(5,1,'users','index'),(6,1,'users','search'),(7,1,'users','edit'),(8,1,'users','create'),(9,1,'users','delete'),(10,1,'users','changePassword'),(11,1,'profiles','index'),(12,1,'profiles','search'),(13,1,'profiles','edit'),(14,1,'profiles','create'),(15,1,'profiles','delete'),(16,1,'permissions','index'),(17,2,'users','index'),(18,2,'users','search'),(19,2,'users','edit'),(20,2,'users','create'),(21,2,'profiles','index'),(22,2,'profiles','search');
/*!40000 ALTER TABLE `permissions` ENABLE KEYS */;
UNLOCK TABLES;

--
-- Table structure for table `profiles`
--

DROP TABLE IF EXISTS `profiles`;
/*!40101 SET @saved_cs_client     = @@character_set_client */;
/*!40101 SET character_set_client = utf8 */;
CREATE TABLE `profiles` (
  `id` int(10) unsigned NOT NULL AUTO_INCREMENT,
  `name` varchar(64) NOT NULL,
  `active` char(1) NOT NULL,
  PRIMARY KEY (`id`),
  KEY `active` (`active`)
) ENGINE=InnoDB AUTO_INCREMENT=4 DEFAULT CHARSET=utf8;
/*!40101 SET character_set_client = @saved_cs_client */;

--
-- Dumping data for table `profiles`
--

LOCK TABLES `profiles` WRITE;
/*!40000 ALTER TABLE `profiles` DISABLE KEYS */;
INSERT INTO `profiles` VALUES (1,'Administrators','Y'),(2,'Users','Y'),(3,'Read-Only','Y');
/*!40000 ALTER TABLE `profiles` ENABLE KEYS */;
UNLOCK TABLES;

--
-- Table structure for table `remember_tokens`
--

DROP TABLE IF EXISTS `remember_tokens`;
/*!40101 SET @saved_cs_client     = @@character_set_client */;
/*!40101 SET character_set_client = utf8 */;
CREATE TABLE `remember_tokens` (
  `id` int(10) unsigned NOT NULL AUTO_INCREMENT,
  `usersId` int(10) unsigned NOT NULL,
  `token` char(32) NOT NULL,
  `userAgent` varchar(120) NOT NULL,
  `createdAt` int(10) unsigned NOT NULL,
  PRIMARY KEY (`id`),
  KEY `token` (`token`)
) ENGINE=InnoDB DEFAULT CHARSET=utf8;
/*!40101 SET character_set_client = @saved_cs_client */;

--
-- Dumping data for table `remember_tokens`
--

LOCK TABLES `remember_tokens` WRITE;
/*!40000 ALTER TABLE `remember_tokens` DISABLE KEYS */;
/*!40000 ALTER TABLE `remember_tokens` ENABLE KEYS */;
UNLOCK TABLES;

--
-- Table structure for table `request`
--

DROP TABLE IF EXISTS `request`;
/*!40101 SET @saved_cs_client     = @@character_set_client */;
/*!40101 SET character_set_client = utf8 */;
CREATE TABLE `request` (
  `id` int(11) unsigned NOT NULL AUTO_INCREMENT,
  `name` varchar(100) NOT NULL DEFAULT '',
  `url` varchar(350) NOT NULL DEFAULT '',
  `user_name` varchar(100) NOT NULL DEFAULT '',
  `user_email` varchar(250) NOT NULL DEFAULT '',
  `status` int(1) NOT NULL,
  PRIMARY KEY (`id`),
  KEY `name` (`name`),
  KEY `status` (`status`),
  KEY `user_email` (`user_email`)
) ENGINE=InnoDB DEFAULT CHARSET=utf8;
/*!40101 SET character_set_client = @saved_cs_client */;

--
-- Dumping data for table `request`
--

LOCK TABLES `request` WRITE;
/*!40000 ALTER TABLE `request` DISABLE KEYS */;
/*!40000 ALTER TABLE `request` ENABLE KEYS */;
UNLOCK TABLES;

--
-- Table structure for table `reset_passwords`
--

DROP TABLE IF EXISTS `reset_passwords`;
/*!40101 SET @saved_cs_client     = @@character_set_client */;
/*!40101 SET character_set_client = utf8 */;
CREATE TABLE `reset_passwords` (
  `id` int(10) unsigned NOT NULL AUTO_INCREMENT,
  `usersId` int(10) unsigned NOT NULL,
  `code` varchar(48) NOT NULL,
  `createdAt` int(10) unsigned NOT NULL,
  `modifiedAt` int(10) unsigned DEFAULT NULL,
  `reset` char(1) NOT NULL,
  PRIMARY KEY (`id`),
  KEY `usersId` (`usersId`)
) ENGINE=InnoDB DEFAULT CHARSET=utf8;
/*!40101 SET character_set_client = @saved_cs_client */;

--
-- Dumping data for table `reset_passwords`
--

LOCK TABLES `reset_passwords` WRITE;
/*!40000 ALTER TABLE `reset_passwords` DISABLE KEYS */;
/*!40000 ALTER TABLE `reset_passwords` ENABLE KEYS */;
UNLOCK TABLES;

--
-- Table structure for table `source`
--

DROP TABLE IF EXISTS `source`;
/*!40101 SET @saved_cs_client     = @@character_set_client */;
/*!40101 SET character_set_client = utf8 */;
CREATE TABLE `source` (
  `id` int(11) unsigned NOT NULL AUTO_INCREMENT,
  `name` varchar(100) NOT NULL DEFAULT '',
  `feed_url` varchar(350) NOT NULL DEFAULT '',
  `logo_url` varchar(350) DEFAULT NULL,
  `description` varchar(350) DEFAULT NULL,
  `status` int(1) NOT NULL DEFAULT '0',
  PRIMARY KEY (`id`),
  KEY `name` (`name`),
  KEY `status` (`status`)
) ENGINE=InnoDB AUTO_INCREMENT=3 DEFAULT CHARSET=utf8;
/*!40101 SET character_set_client = @saved_cs_client */;

--
-- Dumping data for table `source`
--

LOCK TABLES `source` WRITE;
/*!40000 ALTER TABLE `source` DISABLE KEYS */;
INSERT INTO `source` VALUES (1,'engadget','http://www.engadget.com/rss.xml','http://static.tumblr.com/s7zj4yw/se8mwb9x3/engadget-logo-464x128.png','Engadget is a web magazine with obsessive daily coverage of everything new in gadgets and consumer electronics',1),(2,'wired','http://feeds.wired.com/wired/index','http://www.wired.com/images/home/wired_logo.gif','Get in-depth coverage of current and future trends in technology, and how they are shaping business, entertainment, communications, science, politics, and culture at Wired.com.',1);
/*!40000 ALTER TABLE `source` ENABLE KEYS */;
UNLOCK TABLES;

--
-- Table structure for table `success_logins`
--

DROP TABLE IF EXISTS `success_logins`;
/*!40101 SET @saved_cs_client     = @@character_set_client */;
/*!40101 SET character_set_client = utf8 */;
CREATE TABLE `success_logins` (
  `id` int(10) unsigned NOT NULL AUTO_INCREMENT,
  `usersId` int(10) unsigned NOT NULL,
  `ipAddress` char(15) NOT NULL,
  `userAgent` varchar(120) NOT NULL,
  PRIMARY KEY (`id`),
  KEY `usersId` (`usersId`)
) ENGINE=InnoDB DEFAULT CHARSET=utf8;
/*!40101 SET character_set_client = @saved_cs_client */;

--
-- Dumping data for table `success_logins`
--

LOCK TABLES `success_logins` WRITE;
/*!40000 ALTER TABLE `success_logins` DISABLE KEYS */;
/*!40000 ALTER TABLE `success_logins` ENABLE KEYS */;
UNLOCK TABLES;

--
-- Table structure for table `users`
--

DROP TABLE IF EXISTS `users`;
/*!40101 SET @saved_cs_client     = @@character_set_client */;
/*!40101 SET character_set_client = utf8 */;
CREATE TABLE `users` (
  `id` int(10) unsigned NOT NULL AUTO_INCREMENT,
  `name` varchar(255) NOT NULL,
  `email` varchar(255) NOT NULL,
  `password` char(60) NOT NULL,
  `mustChangePassword` char(1) DEFAULT NULL,
  `profilesId` int(10) unsigned NOT NULL,
  `banned` char(1) NOT NULL,
  `suspended` char(1) NOT NULL,
  `active` char(1) DEFAULT NULL,
  PRIMARY KEY (`id`),
  KEY `profilesId` (`profilesId`)
) ENGINE=InnoDB AUTO_INCREMENT=14 DEFAULT CHARSET=utf8;
/*!40101 SET character_set_client = @saved_cs_client */;

--
-- Dumping data for table `users`
--

LOCK TABLES `users` WRITE;
/*!40000 ALTER TABLE `users` DISABLE KEYS */;
INSERT INTO `users` VALUES (1,'Bob Burnquist','bob@phalconphp.com','$2a$08$Lx1577KNhPa9lzFYKssadetmbhaveRtCoVaOnoXXxUIhrqlCJYWCW','N',1,'N','N','Y'),(2,'Erik','erik@phalconphp.com','$2a$08$f4llgFQQnhPKzpGmY1sOuuu23nYfXYM/EVOpnjjvAmbxxDxG3pbX.','N',1,'Y','Y','Y'),(3,'Veronica','veronica@phalconphp.com','$2a$08$NQjrh9fKdMHSdpzhMj0xcOSwJQwMfpuDMzgtRyA89ADKUbsFZ94C2','N',1,'N','N','Y'),(4,'Yukimi Nagano','yukimi@phalconphp.com','$2a$08$cxxpy4Jvt6Q3xGKgMWIILuf75RQDSroenvoB7L..GlXoGkVEMoSr.','N',2,'N','N','Y'),(5,'oliver','me@bayes-shelton.co.uk','$2a$08$jnAX0LOY3rCbRHwSaerNbuiaH3NFLV2O6eQeZH2Iw5TfmDcf7n16u','N',2,'N','N','N'),(6,'oliver','mme@bayes-shelton.co.uk','$2a$08$rupowoy5W60LorKmzcOIYeD6aGjd86Od/cICOa3yrjwYLj0dyso8e','N',2,'N','N','N'),(7,'oliver','mmme@bayes-shelton.co.uk','$2a$08$c3CWoTASeFFx6oiYa4XasO1W/mlV6Y/EFCRUz3P2nCIQeGZkYIPSq','N',2,'N','N','N'),(8,'oliver','mmmme@bayes-shelton.co.uk','$2a$08$4ropCtRj0p6K07RfQCMGlOp3LuiYejqNyxwEkpDWk3cbU0bfQ0hrS','N',2,'N','N','N'),(9,'oliver','memmme@bayes-shelton.co.uk','$2a$08$UwOSjSaWeftbvnZA7i5GFuNYnG44nQmh7FwRp51MfktftUs/OU2Oi','N',2,'N','N','N'),(10,'oliver','meemmme@bayes-shelton.co.uk','$2a$08$DnB8wF1MlGIh7id2cmaQleQ1B77.jE.Y71QRV4p2TvQq9wvoque.G','N',2,'N','N','N'),(11,'oliver','meeemmme@bayes-shelton.co.uk','$2a$08$saby7BwNHRCOAOHuAb8Kee0UVKWqIiEOVWiMN1AsdyAuQEl.Sh94m','N',2,'N','N','N'),(12,'oliver','meeemdmme@bayes-shelton.co.uk','$2a$08$9OmdFutNYiBGs3OjM4f5ke3.UErnBdEx9oTVFZzlzOpV1ObN9tCQa','N',2,'N','N','N'),(13,'oliver','hello@bayes-shelton.co.uk','$2a$08$XE5ePuFoENGCLGUhP8eXauPP41SdRwd8XpaIl4od56YkiaE4P3VMS','N',2,'N','N','Y');
/*!40000 ALTER TABLE `users` ENABLE KEYS */;
UNLOCK TABLES;
/*!40103 SET TIME_ZONE=@OLD_TIME_ZONE */;

/*!40101 SET SQL_MODE=@OLD_SQL_MODE */;
/*!40014 SET FOREIGN_KEY_CHECKS=@OLD_FOREIGN_KEY_CHECKS */;
/*!40014 SET UNIQUE_CHECKS=@OLD_UNIQUE_CHECKS */;
/*!40101 SET CHARACTER_SET_CLIENT=@OLD_CHARACTER_SET_CLIENT */;
/*!40101 SET CHARACTER_SET_RESULTS=@OLD_CHARACTER_SET_RESULTS */;
/*!40101 SET COLLATION_CONNECTION=@OLD_COLLATION_CONNECTION */;
/*!40111 SET SQL_NOTES=@OLD_SQL_NOTES */;

-- Dump completed on 2014-12-22 16:19:01
